STT,TÊN QUÁN,ĐỊA CHỈ,GIÁ/NGƯỜI,GIỜ ĐÓNG/MỞ,ĐÁNH GIÁ,MÔ TẢ
1,Xưởng trà thủ công,"WCVP+9GM, Xuân Hương - cách trung tâm 500m",25.000 - 100.000 VNĐ,7:00 - 23:00,4.1⭐️,"Chuyên các loại trà sữa đậm vị trà, trà chanh, sinh tố, nước ép và các loại thức uống. Điểm nổi bật là hướng đến hương vị trà rõ nét, phù hợp với những khách yêu thích đồ uống từ trà và muốn tìm một địa điểm thư giãn, trò chuyện cùng bạn bè."
2,Still Cafe,"59 Nguyễn Trãi, Lâm Viên - cách trung tâm 2,5 km",10.000 - 200.000 VNĐ,8:00 - 21:00,4.5⭐️,"Một góc nhỏ Nhật Bản giữa lòng Đà Lạt, một khu tổ hợp gồm quán ăn, quán nước, quấy lưu niệm..."
3,Tiệm trà thông mơ,"WC2Q+PR5, Hoa Cẩm Tú Cầu, Xuân Hương - cách trung tâm 6,4 km",100.000 - 200.000 VNĐ,7:00 - 21:00,4.1⭐️," Mang đến trải nghiệm thưởng trà giữa đồi thông xanh và dòng suối thơ mộng. Không gian yên bình, gần gũi thiên nhiên, thích hợp để thư giãn, tận hưởng không khí trong lành và cảm nhận vẻ đẹp an yên của Đà Lạt."
4,Ngày thong dong,"Huỳnh Tấn Phát, Lâm Viên - cách trung tâm 8,3 km",50.000 - 100.000 VNĐ,6:00 - 23:00,4.8⭐️,"Mang đến không gian yên bình, nhẹ nhàng, phù hợp để thưởng thức đồ uống và tận hưởng nhịp sống chậm giữa Đà Lạt. Đây là địa điểm được nhiều thực khách yêu thích để thư giãn và trò chuyện"
5,Chuyện của mơ Coffee,"6 Đường Khởi Nghĩa Bắc Sơn, Xuân Hương - cách trung tâm 2,3 km",100.000 VNĐ,7:00 - 21:00,4.7⭐️," Nổi bật với không gian nhà gỗ giữa đồi thông, nhiều góc check-in thơ mộng cùng cà phê, đồ uống và bánh ngọt. Đây là điểm đến phù hợp để thư giãn, ngắm cảnh và tận hưởng không khí lãng mạn của Đà Lạt."
6,Vị mây,"Hẻm 32 Đ. 3/4, Xuân Hương - cách trung tâm 3,7 km",60.000 - 200.000 VNĐ,7:30 - 23:0,4.5⭐️,"Trải nghiệm ẩm thực và thư giãn giữa không gian Đà Lạt, phù hợp để thưởng thức đồ ăn, thức uống và tận hưởng bầu không khí nhẹ nhàng, thơ mộng của thành phố."
7,Cái cốc mẻ,"15 Đường Ngô Huy Diễn, Cam Ly - cách trung tâm 1,7 km",45.000 - 100.000 VNĐ,7:00 - :00,4.3⭐️,"Quán cà phê nhỏ xinh, ấm cúng, nổi bật với cà phê vỏ chanh độc đáo, cà phê miso hạnh nhân và bánh flan. Không gian vintage, gần gũi, phù hợp cho những ai yêu thích trải nghiệm cà phê mới lạ tại Đà Lạt."
8,Pami coffee,"20/2 Phan Như Thạch, Xuân Hương - cách trung tâm 1,2 km",28.000 - 100.000 VNĐ,6:00 - 22:00,4.4⭐️,"Không gian yên tĩnh, ấm cúng, phục vụ cà phê và trà với mức giá hợp lý. Quán phù hợp để thưởng thức đồ uống, ăn sáng nhẹ, trò chuyện hoặc làm việc trong không gian thư giãn."
9,Quán Hoa Sữa,"3F Đường Tăng Bạt Hổ, Xuân Hương - cách trung tâm 700m",9.000 - 50.000 VNĐ,7:00 - 23:30,4.2⭐️,"Nổi tiếng với sữa đậu nành nóng, sữa đậu phộng, đậu xanh, bắp và mè đen, dùng kèm bánh ngọt. Hương vị ấm nóng, giá bình dân, rất thích hợp thưởng thức trong tiết trời se lạnh Đà Lạt."
10,Trên Đồi Có Mây,"Cua Cây Mai, Xuân Trường - cách trung tâm 11 km",15.000 - 100.000 VNĐ,5:00 - 21:00,4.5⭐️,"Quán cà phê săn mây nổi tiếng với view đồi núi và thung lũng rộng mở. Du khách có thể thưởng thức cà phê, trà trái cây và ngắm bình minh, biển mây giữa không gian thiên nhiên thơ mộng của Đà Lạt."
11,Bình Minh Ơi,"89 Hoàng Hoa Thám, Xuân Hương - cách trung tâm 4,3 km",100.000 VNĐ,4:30 - 22:00,4.5⭐️,"View đồi thông và thung lũng, là điểm đến lý tưởng để săn mây, ngắm bình minh và thưởng thức cà phê, trà bánh. Không gian yên tĩnh, thoáng đãng; buổi tối có acoustic, phù hợp để thư giãn và tận hưởng vẻ đẹp Đà Lạt."
12,Dốc thị,"108 Đ. Hùng Vương, Xuân Trường - cách trung tâm 6,8 km",100.000 VNĐ,6:00 - 20:00,4.8⭐️,"Không gian cà phê sân vườn trên triền đồi, view thung lũng và núi đồi rộng mở. Quán phục vụ cà phê, trà và các loại đồ uống, được thực khách đánh giá cao về cảnh quan, không gian vintage và trải nghiệm ngắm hoàng hôn giữa thiên nhiên Đà Lạt."
13,Tiệm cà phê Túi mơ to,"Hẻm 31 Sào Nam, Xuân Trường - cách trung tâm 6,9 km",45.000 - 100.000 VNĐ,7:30 - 21:30,4.5⭐️,"Không gian vintage nhà gỗ, vườn hoa cúc họa mi và view núi đồi thơ mộng. Quán phục vụ cà phê, trà và nhiều thức uống đặc trưng như coconut matcha, coconut latte, sữa hạt than tre nóng; phù hợp để check-in, ngắm cảnh và thư giãn giữa không gian Đà Lạt."
14,SOHO coffe,"21 Hoàng Hoa Thám, Xuân Hương - cách trung tâm 3,6 km",50.000 - 100.000 VNĐ,5:00 - 22:00,4.9⭐️,"Điểm dừng chân kết hợp cà phê và không gian ăn uống, thích hợp để thưởng thức đồ uống, thư giãn và tận hưởng không khí Đà Lạt."
15,Nơi Bestis coffee,"Đ. Phạm Hồng Thái, Xuân Hương - cách trung tâm 2,8 km",35.000 - 100.000 VNĐ,8:00 - 18:30,4.9⭐️,"Có không gian nhẹ nhàng, yên bình, phù hợp để thưởng thức đồ uống và thư giãn. Quán được thực khách đánh giá tích cực, thích hợp cho những buổi gặp gỡ và tận hưởng không khí Đà Lạt."
16,Miết Miết,"31 3/4, Xuân Hương - cách trung tâm 3,2km",20.000 - 100.000 VNĐ,8:00 - 00:00,4.9⭐️,"Mang phong cách nhẹ nhàng, phù hợp để thưởng thức cà phê và các loại đồ uống trong không gian thư giãn. Một điểm dừng chân yên tĩnh, trò chuyện và tận hưởng không khí đặc trưng của Đà Lạt."
17,W.A.I ? coffee,"70 Trần Thái Tông, Xuân Hương - cách trung tâm 4,5 km",45.000 - 100.000 VNĐ,8:00 - 18:00,4.4⭐️,"Nổi bật với phong cách hiện đại, tối giản kết hợp không gian xanh. Quán phục vụ cà phê và trà, được yêu thích nhờ không gian yên tĩnh, thoáng đãng, phù hợp để thư giãn, làm việc và tận hưởng không khí nhẹ nhàng của Đà Lạt."
18,Floating Town,"Tổ 4 Thôn 2, Tà Nung, Cam Ly - cách trung tâm 16km",100.000 VNĐ,6:30 - 18:30,4.5⭐️," Không gian “thủy trấn” thu nhỏ bên mặt hồ, những căn nhà gỗ, thuyền và lối đi ven nước tạo nên khung cảnh thơ mộng. Quán thích hợp để thưởng thức cà phê, chụp ảnh, ngắm hoàng hôn và thư giãn giữa thiên nhiên Tà Nung."
19,Hidden Land,"Đường Lâm Văn Thạnh, Xuân Trường - cách trung tâm 8,8km",48.000 - 100.000 VNĐ,7:30 - 18:30,4.6⭐️,"Ẩn mình giữa rừng thông và những triền đồi xanh, nổi bật với nhà gỗ mộc mạc, view thiên nhiên yên bình. Quán phục vụ cà phê, trà và bánh ngọt, thích hợp để thư giãn, chụp ảnh và tận hưởng không khí thơ mộng của Đà Lạt."
20,Tiệm và phê Vùng Ngoại Ô,"Đường Đình Đa Quý, Đá Quý, Xuân Trường - cách trung tâm 13 km",70.000 - 100.000 VNĐ,5:00 - 19:00,4.9⭐️,"Mang phong cách mộc mạc, yên bình giữa vùng ngoại ô Đà Lạt. Nổi bật với cà phê, trà và các món ăn sáng, không gian mở, gần gũi thiên nhiên, thích hợp ngắm bình minh và biển mây."
21,Ríu rít cà phê bên suối,"Sở Lăng, đèo Mimosa, Xuân Hương - cách trung tâm 8,4 km",100.000 - 200.000 VNĐ,7:00 - 17:00,4.7⭐️," Điểm cà phê giữa rừng thông, nằm cạnh dòng suối nhỏ với không gian mộc mạc, gần gũi thiên nhiên. Quán phục vụ cà phê, trà và nước ép; thích hợp để thư giãn, đọc sách và tận hưởng tiếng suối róc rách giữa không khí yên bình của Đà Lạt."
22,Ngày bình thường cafe,"84/6 Đường Trần Quang Khải, Lâm Viên - cách trung 4,2km",45.000 - 100.000 VNĐ,7:30 - 19:30,4.6⭐️,"Không gian nhẹ nhàng để thưởng thức đồ uống và thư giãn. Quán mang đến trải nghiệm gần gũi, thích hợp cho những buổi gặp gỡ bạn bè hoặc tận hưởng một ngày bình thường theo cách thật chậm rãi."
23,Waken Beans Coffee,"4 Đ. Ngô Thì Sỹ, Xuân Hương - cách trung tâm 1,9 km",50.000 - 100.000 VNĐ,6:30 - 10:30,4.6⭐️," Điểm đến dành cho những người yêu cà phê, nổi bật với mô hình cà phê kết hợp rang xay. Không gian phù hợp để thưởng thức cà phê và khám phá trải nghiệm về hạt cà phê tại Đà Lạt."
24,Xám coffee,"110 Đường Cao Bá Quát, Lang Biang -cách trung tâm 3,7 km",25.000 - 100.000 VNĐ,7:00 - 22:00,4.9⭐️,"Điểm dừng chân dành cho những ai yêu thích không gian cà phê nhẹ nhàng và thư giãn. Quán phù hợp để thưởng thức đồ uống, trò chuyện và tận hưởng không khí trong lành, yên bình của khu vực Lang Biang – Đà Lạt."
25,Forty eight,"48 Đường Hàn Thuyên, Cam Ly - cách trung tâm 2,3 km",35.000 - 100.000 VNĐ,8:00 - 19:00,5⭐️,"Nổi bật với không gian hiện đại, tinh tế, có cả khu vực trong nhà và ngoài trời. Quán phục vụ cà phê máy, cold brew và các thức uống signature, phù hợp để thư giãn, trò chuyện và check-in tại trung tâm Đà Lạt,"
26,Ollin cafe,"9 Đ. Nguyễn Chí Thanh, Xuân Hương - cách trung tâm 4,4 km",65.000 - 100.000 VNĐ,7:00 - 23:30,4.4⭐️,"Dành cho những người yêu cà phê, nổi bật với định hướng specialty coffee và trải nghiệm thưởng thức cà phê chất lượng. Không gian phù hợp để thư giãn, trò chuyện và khám phá hương vị cà phê trong hành trình trải nghiệm Đà Lạt."
27,Tiệm cafe hoàng hôn chiều,"Dốc số 9, Trại Mát, Xuân Trường - cách trung tâm 11 km",60.000 - 100.000 VNĐ,5:00 - 20:00,4.1⭐️,"Sở hữu không gian rộng giữa đồi núi Trại Mát, phục vụ cà phê và nhiều loại đồ uống. Quán nổi bật với trải nghiệm săn mây buổi sớm, ngắm hoàng hôn chiều tà và check-in giữa khung cảnh thiên nhiên thơ mộng của Đà Lạt."
28,Xàm xàm coffee,"68 Ba Tháng Hai, Xuân Hương - cách trung tâm 2,3 km",35.000 - 100.000 VNĐ,7:30 - 23:30,4.4⭐️,"Không gian ấm cúng, trẻ trung tại trung tâm Đà Lạt. Quán phục vụ cà phê, trà và món tráng miệng, có khu vực ngoài trời và không gian phù hợp để trò chuyện, làm việc hoặc thư giãn."
29,Lạc hư cổ trấn,"WFRP+527, Đường Lâm Văn Thạnh, Xuân Trường - cách trung tâm 7 km",100.000 - 200.000 VNĐ,5:00 - 20:00,3.6⭐️,"Điểm tham quan kết hợp cà phê và check-in mang phong cách cổ trấn Trung Hoa giữa thiên nhiên Đà Lạt. Với nhà gỗ, mái ngói, đèn lồng, hồ nước và cầu gỗ, nơi đây tạo cảm giác như bước vào một bối cảnh cổ trang."
30,Onion coffee and Pastry DaLat,"278/2 Đường Phù Đổng Thiên Vương, Lâm Viên - cách trung tâm 4,4 km",39.000 - 100.000 VNĐ,7:30 - 20:30,4.6⭐️,"Mô hình kết hợp giữa cà phê và tiệm bánh, phù hợp cho những ai yêu thích không gian thưởng thức cà phê cùng các món bánh ngọt, pastry. Đây có thể là điểm dừng chân nhẹ nhàng trong hành trình khám phá ẩm thực và cà phê Đà Lạt"
31,Nhà bên suối,"3 Trúc Lâm Yên Tử, Xuân Hương - cách trung tâm 6,1 km",80.000 - 100.000 VNĐ,7:00 - 18:30,4.1⭐️,"Mang đến trải nghiệm thư giãn giữa thiên nhiên với dòng suối róc rách, cây xanh và không gian mộc mạc. Quán phục vụ cà phê, sinh tố và nước ép, phù hợp để check-in, trò chuyện và tận hưởng những phút giây bình yên giữa lòng Đà Lạt."
32,Đợi một người,"24 Yersin, Xuân Hương - cách trung tâm 2,2 km",40.000 - 100.000 VNĐ,7:30 - 22:00,4.6⭐️,"Không gian cà phê yên bình giữa khu vườn xanh mát, bao quanh một căn villa cổ đậm chất Đà Lạt. Quán nổi bật với cà phê, matcha và các loại croissant như hạt dẻ, kem bơ, trứng muối. Không gian ấm cúng, đồ uống được đánh giá tốt, phù hợp để thư giãn, trò chuyện hoặc làm việc."
33,Miền du mục,"WFRM+5XV, Đường Lâm Văn Thạnh, Xuân Trường - cách trung tâm 7 km",100.000 - 200.000 VNĐ,5:00 - 21:00,4.1⭐️,"Mang phong cách du mục phóng khoáng giữa đồi hoa Đà Lạt, kết hợp lều gỗ, chất liệu mộc và không gian xanh. Quán phục vụ cà phê, đồ uống và món ăn nhẹ, nổi bật với nhiều góc check-in độc đáo, thích hợp để thư giãn, ngắm cảnh và tận hưởng không khí thiên nhiên."
34,Reo,"Đ. Hoa Hồng, Xuân Hương - cách trung tâm 10 km",20.000 - 100.000 VNĐ,7:00 - :00,4.3⭐️,"Tổ hợp cà phê, SUP, BBQ và cắm trại nằm giữa rừng thông gần Hồ Tuyền Lâm. Không gian mở, mộc mạc và yên tĩnh, mang đến trải nghiệm hòa mình vào thiên nhiên. Du khách có thể thưởng thức cà phê, chèo SUP, tổ chức BBQ hoặc cắm trại, phù hợp cho những chuyến đi thư giãn và khám phá Đà Lạt theo phong cách gần gũi thiên nhiên"
35,Nhà bên rừng,"Tổ Tây Hồ 2, Xuân Trường - cách trung tâm 7,5 km",60.000 - 100.000 VNĐ,6:00 - 19:30,4.7⭐️,"Nằm giữa rừng thông Đà Lạt, nổi bật với những căn nhà gỗ mộc mạc, không gian xanh và view đồi núi thơ mộng. Quán mang đến cảm giác yên bình, gần gũi thiên nhiên, thích hợp để thưởng thức cà phê, thư giãn, chụp ảnh và tận hưởng những phút giây “chữa lành” giữa núi rừng."
36,Trại mèo mướp,"Đèo Mimosa, Xuân Hương - cách trung tâm 6,9 km",100.000 VNĐ,7:30 - 17:30,4⭐️,"Kết hợp cà phê và trải nghiệm nông trại giữa thiên nhiên Đà Lạt. Nơi đây nổi bật với những chú mèo mướp đáng yêu cùng đàn cừu và alpaca trên đồng cỏ xanh. Không gian rộng rãi, nhiều góc chụp ảnh, thích hợp cho du khách yêu động vật và muốn tìm một trải nghiệm gần gũi thiên nhiên."
37,Vườn địa đàng,"Hoa Cẩm Tú Cầu, Xuân Hương - cách trung tâm 6,4 km",100.000 - 200.000 VNĐ,7:00 - 18:00,4.4⭐️,"Café sân vườn thơ mộng với dòng suối trong lành, rừng thông và vườn hoa rực rỡ. Du khách có thể vừa thưởng thức cà phê, trà và đồ ăn nhẹ, vừa dạo quanh khu vườn, chụp ảnh và tận hưởng không khí mát lành, yên bình giữa thiên nhiên Đà Lạt."
38,Nook cafe,"Đồi Dã Chiến, Xuân Trường - cách trung tâm 7,1 km",45.000 - 100.000 VNĐ,7:30 - 19:30,4.6⭐️," Nằm trên Đồi Dã Chiến, sở hữu không gian cà phê ấm cúng, yên tĩnh và gần gũi với thiên nhiên. Quán phục vụ cà phê và trà, có khu vực ngoài trời và rooftop để ngắm cảnh. Đây là địa điểm phù hợp để thư giãn, trò chuyện, làm việc hoặc tận hưởng không khí trong lành của Đà Lạt."
39,Hôm nào cà phê?,"Hẻm 108 Đ. Hùng Vương, Xuân Trường - cách trung tâm 6,7 km",75.000 - 100.000 VNĐ,7:00 - 21:00,4.9⭐️,"Điểm đến lý tưởng cho những ai yêu thích không gian cà phê ấm cúng và yên bình. Quán phục vụ cà phê, trà và món tráng miệng, có khu vực ngoài trời nhiều cây xanh, phù hợp để trò chuyện, làm việc hoặc thư giãn giữa không khí nhẹ nhàng của Đà Lạt."
40,The Wilder Nest,"Thôn 3, Cam Ly - cách trung tâm 4,3 km",100.000 VNĐ,6:30 - 18:30,4.3⭐️,"Điểm cà phê giữa thiên nhiên khu vực Hồ Tuyền Lâm, nổi bật với khung cảnh núi đồi, rừng thông và không gian yên bình. Quán phục vụ các loại đồ uống như cà phê, cacao, phù hợp để thư giãn, chụp ảnh và tận hưởng không khí trong lành, tách biệt khỏi sự nhộn nhịp của trung tâm Đà Lạt. "
41,Haiyih coffee,"Trường Thọ, Xuân Trường - cách trung tâm 25km",49.000 - 100.000 VNĐ,5:00 - 18:00,4.3⭐️,"Điểm cà phê giữa thiên nhiên khu vực Hồ Tuyền Lâm, nổi bật với khung cảnh núi đồi, rừng thông và không gian yên bình. Quán phục vụ các loại đồ uống như cà phê, cacao, phù hợp để thư giãn, chụp ảnh và tận hưởng không khí trong lành, tách biệt khỏi sự nhộn nhịp của trung tâm Đà Lạt."
42,1/2 Circle,"Hẻm 4 Đường Đặng Thái Thân, Xuân Hương - cách trung tâm 3,4 km",50.000 - 100.000 VNĐ,7:30 - 18:00,4.7⭐️,"Nằm giữa rừng thông với thiết kế hiện đại, không gian rộng và dòng suối tự nhiên. Quán nổi bật với nhiều góc ngồi và check-in, đồ uống cùng bánh được đánh giá tốt. Đây là điểm đến phù hợp để thư giãn, khám phá thiên nhiên và tận hưởng không khí yên bình của Đà Lạt."
43,Suối bình yên,"Hoa Cẩm Tú Cầu, Xuân Hương - cách trung tâm 6,3 km",100.000 - 200.000 VNĐ,7:00 - 18:00,4.4⭐️," Cà phê ven suối giữa rừng thông Đà Lạt, mang đến không gian yên tĩnh và gần gũi thiên nhiên. Điểm nhấn là những khu vực ngồi cạnh dòng nước, lối đi gỗ và khung cảnh xanh mát. Đây là nơi lý tưởng để thưởng thức đồ uống, thư giãn, chụp ảnh và tận hưởng cảm giác bình yên giữa núi rừng."
44,Thô’s Artisan,"10 Phan Bội Châu, Xuân Hương - cách trung tâm 700m",35.000 - 100.000 VNĐ,7:00 - 22:00,4.8⭐️,"Quán cà phê thủ công mang phong cách tối giản, ấm cúng, nổi bật với không gian rooftop có view hướng về trung tâm Đà Lạt. Quán chú trọng chất lượng hạt cà phê và các phương pháp pha chế như espresso, cold brew, kết hợp bánh ngọt."
45,Hoa xương rồng,"89 Hoàng Hoa Thám, Xuân Hương - cách trung tâm 4,3 km",85.000 - 100.000 VNĐ,6:30 - 22:00,4.4⭐️,"Gây ấn tượng với vườn xương rồng độc đáo giữa không gian Đà Lạt, kết hợp view thung lũng và rừng thông thơ mộng. Quán phục vụ đa dạng từ cà phê, trà, cold brew đến mocktail và món tráng miệng, là điểm đến lý tưởng để săn mây, ngắm bình minh và tận hưởng không khí Đà Lạt về đêm."
46,Xưởng kem hoa,"25 Đường Thi Sách, Cam Ly - cách trung tâm 1,9 km",40.000 - 100.000 VNĐ,9:00 - 21:00,4.1⭐️,"Không gian ngập tràn hoa và cây xanh, mang đến trải nghiệm thưởng thức kem hoa độc đáo giữa lòng Đà Lạt. Kem có nhiều hương vị từ hoa và trái cây tươi, được trình bày đẹp mắt, kết hợp cùng trà và bánh ngọt. Đây là điểm đến phù hợp để thưởng thức món tráng miệng, thư giãn và check-in trong không gian thơ mộng."
47,Mint coffe & tea,"36/6 Nguyễn Lương Bằng, Xuân Hương - cách trung tâm 1,8 km",15.000 - 100.000 VNĐ,7:00 - 23:00,2.9⭐️,"Một địa điểm cà phê và trà tại Đà Lạt, phù hợp cho những ai muốn tìm một không gian thưởng thức đồ uống nhẹ nhàng."
48,Azure Pastry,"03 Đ. Thiên Thành, Xuân Hương - cách trung tâm 900m",100.000 - 200.000 VNĐ,8:30 - 21:30,4.8⭐️," tiệm trà và bánh chuyên các dòng bánh kem và bánh ngọt làm theo yêu cầu, phù hợp vừa thưởng thức trà kèm bánh."
49,Sữa Kem Brazil,"09 Khu Hoà Bình, Xuân Hương - cách trung tâm 650m",20.000 - 100.000 VNĐ,14:30 - 1:00,4.2⭐️,"Nổi bật với sữa đậu nành hoặc cacao nóng phủ kem béo mịn. Thức uống nóng hổi, thơm béo, phù hợp với không khí se lạnh của Đà Lạt. Quán thường đông khách vào buổi tối và nằm gần khu chợ đêm."
50,Giấc mơ giữa rừng - Dream Garden Coffee Tà Nung,Cam Ly - cách trung tâm 17 km,100.000 VNĐ,6:30 - 17:30,4.4⭐️,"Điểm cà phê yên bình giữa thiên nhiên Tà Nung, mang đến không gian thư giãn, thoáng đãng và gần gũi với cảnh quan ngoại ô Đà Lạt. Quán phục vụ cà phê và trà, thích hợp để nghỉ ngơi, trò chuyện, làm việc hoặc tận hưởng một buổi sáng nhẹ nhàng giữa núi rừng."
51,Tiệm trà phụng,"Hẻm 59 Đống Đa, Xuân Hương - cách trung tâm 3,7 km",60.000 - 100.000 VNĐ,13:00 - 22:00,4.2⭐️," Điểm trà chill trên sườn đồi với view hoàng hôn và thành phố Đà Lạt lung linh về đêm. Quán gây ấn tượng với trà sữa nướng và trải nghiệm tự nướng trái cây, các loại hạt bên bếp than, mang đến cảm giác ấm áp, thư giãn giữa tiết trời se lạnh."