STT,TÊN CỬA HÀNG,ĐỊA CHỈ,GIÁ BÁN,GIỜ ĐÓNG – MỞ,ĐÁNH GIÁ SAO,MÔ TẢ
1,Little Town - Cửa Hàng Quà Tặng Lưu Niệm,"10 Ba Tháng Hai, Xuân Hương - Đà Lạt, Lâm Đồng, Việt Nam (cách trung tâm 180m)",80.000 - 250.000 VNĐ,08:00 – 23:00,4.9,"Handmade, móc khóa, gấu bông, postcard"
2,Labata handmade shop,"20 Đường Trương Công Định, Xuân Hương - Đà Lạt, Lâm Đồng, Việt Nam (cách trung tâm 250m)",100.000 – 300.000 VNĐ,08:00 – 22:30,4.9,"Handmade, túi vải, sổ tay"
3,Miue Healing Gifts Shop CS2,"16 Đường Trương Công Định, Xuân Hương - Đà Lạt, Lâm Đồng 670000, Việt Nam (cách trung tâm 220m)",80.000 – 250.000 VNĐ,08:00 – 22:00,5.0,"Nến thơm, decor"
4,yayy gift studio,"Phan Bội Châu, Xuân Hương - Đà Lạt, Lâm Đồng 66122, Việt Nam (cách trung tâm 120m)",100.000 – 300.000 VNĐ,09:30 - 20:00,5.0,"Văn phòng phẩm, decor"
5,Moss Đà Lạt,"5 Đường Nguyễn Thị Minh Khai, Xuân Hương - Đà Lạt, Lâm Đồng 670000, Việt Nam (cách trung tâm 150m)",80.000 – 250.000 VNĐ,07:00 – 00:00,4.5,"Phụ kiện, quà tặng"
6,Tiệm Quả Thông,"6 Nguyễn Văn Trỗi, Xuân Hương - Đà Lạt, Lâm Đồng 670000, Việt Nam (cách trung tâm 450m)",50.000 – 180.000 VNĐ,08:00 – 23:00,4.7,"Móc khóa, postcard"
7,"Góc Của Nhỏ - cửa hàng quà tặng, lưu niệm Đà Lạt","9 Đường Trương Công Định, Xuân Hương - Đà Lạt, Lâm Đồng, Việt Nam (cách trung tâm 650m)",50.000 – 180.000 VNĐ,08:00 – 22:00,5.0,"Handmade, sổ tay, phụ kiện, văn phòng phẩm, đồ chơi"
8,Second Gift Shop - Quà Tặng và Phụ Kiện Đà Lạt,"102 Nguyễn Văn Trỗi, Xuân Hương - Đà Lạt, Lâm Đồng 66000, Việt Nam (cách trung tâm 300m)",80.000 – 250.000 VNĐ,09:00 – 22:30,5.0,"Phụ kiện, decor"
9,Tiệm len Dolly - Đà Lạt Handmade Gifts,"110 Đ. Cổ Loa, Xuân Hương - Đà Lạt, Lâm Đồng, Việt Nam (cách trung tâm 300m)",100.000 – 300.000 VNĐ,"09:00 – 12:00, 
14:00 – 21:00",5.0,Đồ len handmade
10,Ở Đây Có Một Con Mèo,"23 Đường Trương Công Định, Xuân Hương - Đà Lạt, Lâm Đồng, Việt Nam (cách trung tâm 1.2km)",50.000 – 200.000 VNĐ,08:00 – 22:00,4.3,"Gấu bông, phụ kiện"
11,Khu Rừng Nhỏ,"41 Ba Tháng Hai, Xuân Hương - Đà Lạt, Lâm Đồng 670000, Việt Nam (cách trung tâm 250m)",50.000 – 200.000 VNĐ,08:00 – 22:00,4.4,"Decor, handmade"
12,Hẻm Xéo Gift Shop,"49 Đường Bùi Thị Xuân, Xuân Hương - Đà Lạt, Lâm Đồng, Việt Nam 9 (cách trung tâm 350m)",80.000 – 250.000 VNĐ,10:00 – 23:00,4.8,"Handmade, decor"
13,Langfarm Store Bờ Hồ,"02 Đ. Trần Quốc Toản, Bùng binh Thủy Tạ, Xuân Hương - Đà Lạt, Lâm Đồng, Việt Nam (cách trung tâm 350m)",100.000 – 400.000 VNĐ,07:00 – 22:30,4.6,Đặc sản Đà  Lạt
14,Dinos Candle - Dalat Center,"10 Phan Bội Châu, Xuân Hương - Đà Lạt, Lâm Đồng, Việt Nam (cách trung tâm 550m)",120.000 – 350.000 VNĐ,08:30 – 17:30,5.0,Nến thơm
15,"Nhà Có Mây - Trang sức bạc, phụ kiện, quà tặng, văn phòng phẩm","6 Nguyễn Lương Bằng, Xuân Hương - Đà Lạt, Lâm Đồng, Việt Nam (cách trung tâm 300m)",100.000  – 300.000 VNĐ,08:00 – 21:30,5.0,"Handmade, postcard"
16,Red View Gift Shop,"94A Đ. Nguyễn Chí Thanh, Xuân Hương - Đà Lạt, Lâm Đồng, Việt Nam (cách trung tâm 700m)",70.000 - 250.000 VNĐ,08:00 – 20:00,3.0,"Móc khóa, lưu niệm"
17,Langfarm Store Go! Đà Lạt,"Quảng trường Lâm Viên, Đ. Trần Quốc Toản, Xuân Hương - Đà Lạt, Lâm Đồng, Việt Nam (cách trung tâm 1.1km)",100.000 – 400.000 VNĐ,07:30 – 22:00,5.0,"Trái cây sấy, trà, cà  phê, bánh"
18,Công Ty TNHH Berryland Việt Nam,"58 Lý Nam Đế, Lâm Viên - Đà Lạt, Lâm Đồng 670000, Việt Nam (cách trung tâm 3.9km)",80.000 – 300.000 VNĐ,08:00 – 22:00,4.5,"Dâu sấy, mứt, trà"
19,Tiệm Củi Đà Lạt - Đặc Sản Đà Lạt,"80 Đường Lý Tự Trọng, Xuân Hương - Đà Lạt, Lâm Đồng 66100, Việt Nam (cách trung tâm 1.1km)",35.000 – 100.000 VNĐ,06:00 – 23:30,5.0,"Các loại đồ sấy, mứt, nước"
20,Hồng Treo Gió Dallas - Tham quan xưởng sản xuất,"Hẻm 34 Đường Mai Anh Đào, Lâm Viên - Đà Lạt, Lâm Đồng 66000, Việt Nam (cách trung tâm 5.8km)",230.000 – 320.000VNĐ,06:30 – 21:30,4.9,Hồng treo gió
21,DaLaVi - Đặc sản Đà Lạt,"27/6E Yersin, Xuân Hương - Đà Lạt, Lâm Đồng 670000, Việt Nam (cách trung tâm 2.9km)",35.000 – 680.000 VNĐ,07:30 – 21:00,4.5,"Các loại trái cây sấy dẻo, hồng treo gió"
22,Vựa Nông Sản Trên Mây - Vựa dâu Trên Mây Đà Lạt,"Nguyễn Công Trứ, Lâm Viên - Đà Lạt, Lâm Đồng 66000, Việt Nam (cách trung tâm 3.8km)",50.000 – 350.000 VNĐ,06:00 – 19:00,4.7,"Dâu tươi, dâu sấy, hồng treo gió, các loại nông sản khác"
23,Đặc sản Ngon Lạ Đà Lạt 3/2,"14 Ba Tháng Hai, Xuân Hương - Đà Lạt, Lâm Đồng, Việt Nam (cách trung tâm 350m)",39.000 – 100.000 VNĐ,07:30 – 22:00,4.9,Đặc sản đà lạt
24,The Bee - Candles & Essential Oils,"6/3, Hồ Xuân Hương, Lâm Viên - Đà Lạt, Lâm Đồng 66000, Việt Nam (cách trung tâm 5.2km)",56.000 –  600.000 VNĐ,"08:00 –11:30 
13:00 –16:30",5.0,"Nến thơm, dầu thơm, xịt phòng"
25,Yaourt 71,"WCVP+G9 Xuân Hương - Đà Lạt, Lâm Đồng, Việt Nam (cách trung tâm 400m)",15.000 – 160.000 VNĐ,07:30 – 22:00,4.7,Best seller yaourt phô mai
26,Tiệm Tạp Hóa Mong Manh,"86 Nguyễn Công Trứ, Lâm Viên - Đà Lạt, Lâm Đồng, Việt Nam (cách trung tâm 2.5km)",10.000 – 250.000 VNĐ,Mở cửa cả ngày,4.6,"Đặc sản Đà Lạt, nước uống"
27,Quoà - Đặc Sản Đà Lạt,"205 Nguyễn Công Trứ, Xuân Hương - Đà Lạt, Lâm Đồng 670000, Việt Nam (cách trung tâm 3.2km)",50.000 – 350.000 VNĐ,08:00 – 21:30,5.0,Đặc sản Đà Lạt
28,Vị Dalat Dốc Nhà Bò - Đặc sản Đà Lạt,"61 Đ. Đào Duy Từ, Xuân Hương - Đà Lạt, Lâm Đồng, Việt Nam (cách trung tâm 1.5km)",50.000 - 350.000 VNĐ,07:00 – 21:00,4.9,Đặc sản Đà Lạt
29,Hương Vị Đà Lạt - Đặc Sản Đà Lạt,"46 Đường Lý Tự Trọng, Xuân Hương - Đà Lạt, Lâm Đồng, Việt Nam (cách trung tâm 850m)",30.000 – 300.000 VNĐ,07:30 – 22:00,4.7,Đặc Sản Đà Lạt
30,"LATA'S Đặc Sản Đà Lạt - CN Chợ Đêm Đà Lạt,","5 Đường Nguyễn Thị Minh Khai, Xuân Hương - Đà Lạt, Lâm Đồng 670000, Việt Nam (cách trung tâm 190m)",35.000 –  350.000 VNĐ,07:00 – 00:00,4.1,Các loại đồ khô và trái cây sấy
31,Hầm Rượu Vang Vĩnh Tiến,"Vạn Thành, Cam Ly - Đà Lạt, Lâm Đồng 670000, Việt Nam",100.000 - 500.000 VNĐ,08:00 - 17:00,4.6,"Rượu vang, trà mức"
32,Chợ đà lạt (Khu đặc sản),"chợ Đà Lạt, 24 Đường Nguyễn Thị Minh Khai, Xuân Hương - Đà Lạt, Lâm Đồng 02633, Việt Nam",50.000 - 500.000 VNĐ,06:00 - 22:00,4.5,"Trái cây sấy, mứt, trà, cà phê"
33,Cơ Sở Mứt Đặc Sản Đà Lạt Kiều Giang,"223 Đường Mai Anh Đào, Lâm Viên - Đà Lạt, Lâm Đồng 670000, Việt Nam",80.000 - 350.000 VNĐ,Mở cửa 24/24,3,"Mứt truyền thống,trái cây sấy, đặc sản Đà Lạt"