STT,ĐỊA ĐIỂM,ĐỊA CHỈ,GIÁ VÉ THAM QUAN,GIỜ ĐÓNG/MỞ,ĐÁNH GIÁ,MÔ TẢ
1,Nhà thờ Chính tòa Đà Lạt,"15 Đ. Trần Phú, Xuân Hương - Đà Lạt, Lâm Đồng  https://maps.app.goo.gl/b3whKy3RgNVxacPp8",Miễn phí,05:00 – 17:00,4.6,"Nhà thờ Con Gà, biểu tượng kiến trúc Pháp của Đà Lạt. 0,8 km"
2,Chùa Linh Phước,"120 Tự Phước, Trại Mát, Xuân Trường - Đà Lạt, Lâm Đồng 550000 https://maps.app.goo.gl/Km2PKSbqsgBgbSNZ7",Miễn phí,07:00 – 17:00,4.7,Chùa Ve Chai nổi tiếng với kiến trúc khảm sành độc đáo.8 km
3,Thiền viện Trúc Lâm,"Trúc Lâm Yên Tử, Xuân Hương - Đà Lạt, Lâm Đồng (cách trung tâm 6,1 km) https://maps.app.goo.gl/1st8oqxoggaQMCp47",Miễn phí,05:00 – 21:00,4.7,"Thiền viện lớn nhìn ra hồ Tuyền Lâm, không gian yên tĩnh.5 km"
4,Nhà thờ Domaine de Marie,"WCXJ+C3Q, 1 Ngô Quyền, Cam Ly - Đà Lạt, Lâm Đồng 670000, Việt Nam https://maps.app.goo.gl/3GsjAQ1G3eadGFXq5",Miễn phí,07:00 – 17:00,4.6,"Nhà thờ màu hồng nổi bật, kiến trúc Pháp.2 km"
5,Ga Đà Lạt,"1 Quang Trung, Xuân Hương - Đà Lạt, Lâm Đồng 670000, Việt Nam https://maps.app.goo.gl/6iwawcz1BNnCAiKbA",15.000 – 30.000 VNĐ,07:00 – 17:00,4.5,"Nhà ga cổ đẹp nhất Đông Dương, có tuyến tàu du lịch Trại Mát.2 km"
6,Dinh III Bảo Đại,"1 Đường Triệu Việt Vương, Xuân Hương - Đà Lạt, Lâm Đồng, Việt Nam https://maps.app.goo.gl/GhRxoEm7HBH3jiYK8",80.000 VNĐ,07:00 – 17:00,4.4,"Nơi ở và làm việc của vua Bảo Đại, còn lưu giữ nhiều hiện vật.2,5 km"
7,Thác Datanla,"QL20 Đèo Prenn, Xuân Hương - Đà Lạt, Lâm Đồng 66000, Việt Nam https://maps.app.goo.gl/wUXJz9mnxP8jcs1W8",60.000 VNĐ,07:00 – 17:00,4.5,Thác nổi tiếng với máng trượt và trò chơi mạo hiểm.6 km
8,Puppy Farm,"Cam Ly, Măng Lin, Lang Biang - Đà Lạt, Lâm Đồng, Việt Nam https://maps.app.goo.gl/qXJp5TQTJHR5Pvq29",100.000 VNĐ,08:00 – 17:00,4.6,"Nông trại cún kết hợp vườn hoa, vườn dâu và động vật thân thiện.8 km"
9,Khu du lịch Fresh Garden,"90B Vạn Thành, Cam Ly - Đà Lạt, Lâm Đồng, Việt Nam https://maps.app.goo.gl/BW66pc3vAV2PkuLH9",100.000 VNĐ,07:30 – 17:30,4.5,Khu du lịch hoa với nhiều tiểu cảnh check-in.4 km
10,Vườn thú ZooDoo,"QL27C, Lạc Dương, Lâm Đồng, Việt Nam https://maps.app.goo.gl/pXHHHpwDBLvEGZ7C9",150.000 VNĐ,09:00 – 16:00,4.7,"Sở thú thân thiện, nổi tiếng với kangaroo và alpaca.35 km"
11,Đường hầm Đất Sét," Khu du lịch Hồ Tuyền Lâm, Phường 4, Thành phố Đà Lạt, Lâm Đồng https://maps.app.goo.gl/VRtN3RPCgyjBr9VC7",120.000 VNĐ,07:30 – 17:00,4.5,Công trình điêu khắc bằng đất đỏ bazan độc đáo.13 km
12,Thung lũng Tình Yêu,"3-5-7 Đường Mai Anh Đào, Lâm Viên - Đà Lạt, Lâm Đồng https://maps.app.goo.gl/JcbdxvN1y1ZE3nFKA",250.000 VNĐ,07:00 – 17:00,4.5,"Khu du lịch nổi tiếng với hồ, vườn hoa và nhiều hoạt động.22 km"
13,Làng Cù Lần,"ĐT722, Lang Biang - Đà Lạt, Lâm Đồng, Việt Nam https://maps.app.goo.gl/gY9BtbTEFE95bTsE9",150.000 VNĐ,07:00 – 17:00,4.4,"Ngôi làng giữa rừng thông, có xe jeep và suối.15 km"
14,KDL Thung Lũng Vàng,"Lạt Đồng, Khu du lịch Thung Lũng Vàng, Lang Biang - Đà Lạt, Lâm Đồng 672700, Việt Nam https://maps.app.goo.gl/qzmdhmiWd5Eh5npE6",100.000 VNĐ/người lớn,07:00 – 17:00,4.5,"Khu du lịch sinh thái nổi tiếng với rừng thông, hồ nước, vườn hoa và nhiều tiểu cảnh chụp ảnh.15 km"
,,,50.000 VNĐ/trẻ em,,,
16,Wonderland Đà Lạt,"Khu du lịch Hồ Tuyền Lâm, phường Xuân Hương – Đà Lạt, Lâm Đồng https://maps.app.goo.gl/S7E75ss9kbU6rkS97",250.000 – 300.000 VNĐ/người lớn,08:00 – 17:00,4.5,"Công viên giải trí theo phong cách cổ tích với vườn thú mini, trò chơi và nhiều góc check-in.14 km"
,,,150.000 – 200.000 VNĐ/trẻ em,,,
18,Samten Hills Dalat,"Thôn Kambute, xã Tu Tra, huyện Đơn Dương, Lâm Đồng https://maps.app.goo.gl/7fJXYkh17cJVUCvc7",250.000 VNĐ/người lớn,07:30 – 17:30,4.8,"Quần thể văn hóa Phật giáo Tây Tạng nổi tiếng với Đại Bảo Tháp Kinh Luân lớn nhất thế giới, khung cảnh thanh tịnh.40 km"
,,,150.000 VNĐ/trẻ em,,,
20,Bến chèo thuyền kayak- SUP,"Hồ Tuyền Lâm, phường Xuân Hương – Đà Lạt, Lâm Đồng https://maps.app.goo.gl/b9J5fKvrb4EjKgGz9",300.000 – 600.000 VNĐ/người (tùy tour),"04:30 – 09:00 
 15:30 – 18:00",4.8,"Hoạt động chèo SUP ngắm bình minh hoặc hoàng hôn trên Hồ Tuyền Lâm, rất được du khách yêu thích.7 km"
21,Khu du lịch Lá Phong,"45 Đặng Thái Thân, phường Xuân Hương – Đà Lạt, tỉnh Lâm Đồng https://maps.app.goo.gl/CuHgpKshVeb97WTF9",100.000 VNĐ,07:30 – 17:30,4.1,"Khu vườn Nhật Bản với nhà mái lá phong, hồ cá Koi và nhiều góc check-in sang trọng.4 km"
22,Khu Du Lịch Cáp Treo Đà Lạt,"WCFV+5HC Đồi Robin, Xuân Hương - Đà Lạt, Lâm Đồng 66116, Việt Nam https://maps.app.goo.gl/5JAwABcr3X1EMPFu7",100.000 –150.000 VNĐ,07:30–11:45 13:00–16:45,4.5,"Cáp treo nhiều màu sắc nhìn ra toàn cảnh thành phố và rừng thông, ngoài ra còn đi đến Thiền Viện Trúc Lâm."
23,Highland Adventure Travel Da Lat Canyoning Tour,"B15 Đường Nguyễn Trung Trực, Xuân Hương - Đà Lạt, Lâm Đồng 66000, Việt Nam https://maps.app.goo.gl/quVhtKoyunCXVGZi7",1.300.000 – 1.550.000 VNĐ,Mở cả ngày ,5.0,"Trải nghiệm vượt thác xuất sắc, hướng dẫn viên (như các anh Tony, Jack hay Ya) rất tận tâm, trang thiết bị đạt chuẩn và mang lại cảm giác phấn khích tột độ giữa thiên nhiên hùng vĩ. Xứng đáng là hoạt động ""đáng tiền"" nhất khi đến Đà Lạt."
24,"Đường Hầm Điêu Khắc
","Thành phố Đà Lạt, Lâm Đồng 66000, Việt Nam https://maps.app.goo.gl/UrLNow4bdT5584LW9",50.000 - 120.000 VNĐ,07:00 – 17:00,4.8,"Một địa điểm tham quan lý tưởng, có phong cảnh đẹp, con người thân thiện, có cả một Đà Lạt thu nhỏ… thông qua đôi bàn tay cần mẫn của nhưng người thợ điêu khắc ngày đêm không mệt nghỉ- họ thầm lặng mà gián tiếp kể một câu chuyện lịch sử về sự hình thành và phát triển của TP Đà Lạt"
25,XQ Đà Lạt Sử Quán,"258 Mai Anh Đào, phường Xuân Hương – Đà Lạt, Lâm Đồng https://maps.app.goo.gl/xH2aB6WacQMW23VE6",Miễn phí (một số khu trải nghiệm có thu phí),07:30 – 17:30,4.6,"Không gian nghệ thuật thêu tay truyền thống, kiến trúc độc đáo và nhiều góc chụp ảnh đẹp.5 km"
26,Thiên Đường Săn Mây Cầu Đất,"VHV8+9C, Xuân Trường - Đà Lạt, Lâm Đồng 630000, Việt Nam https://maps.app.goo.gl/iaU1b8R2cHqnyQgc6",120.000 – 180.000 VNĐ,04:30 – 18:00,4.3,"Điểm săn mây nổi tiếng nhất Đà Lạt, thích hợp ngắm bình minh và biển mây trên đồi chè.25 km"
27,Mê Linh Coffee Garden,"Tổ 20, thôn 4, xã Tà Nung, Đà Lạt https://maps.app.goo.gl/bQy74E4tYFvm253DA",Miễn phí (gọi nước 30.000 – 80.000 VNĐ),07:30 – 17:00,4.1,"Quán cà phê view đồi cà phê, hồ Cam Ly và nổi tiếng với cà phê chồn.20 km"
28,Thác Prenn,"Chân đèo Prenn, phường Xuân Hương, Đà Lạt https://maps.app.goo.gl/hJs2sTcx7yLvXUVTA",50.000 – 100.000 VNĐ,08:00 – 17:00,3.0,"Thác nước nằm ngay cửa ngõ Đà Lạt, kết hợp nhiều hoạt động tham quan và vui chơi.10 km"
29,KDL Rừng Thông Núi Voi,"Km 214 cao tốc Liên Khương – Prenn, Hiệp Thạnh, Lâm Đồng https://maps.app.goo.gl/cyrbYBwRmYHNxHZu6",100.000 – 150.000 VNĐ,08:00 – 17:00,4.6,"Khu du lịch sinh thái với rừng thông, hồ nước, cắm trại và nhiều hoạt động ngoài trời.18 km"
30,"God Valley
","Tổ 19, thôn 1, khu Cam Ly, Đà Lạt, Lâm Đồng https://maps.app.goo.gl/aPFkwQsftBjagVV49",250.000 – 300.000 VNĐ,08:00 – 17:00,4.5,"Công viên chủ đề với các tượng thần thoại khổng lồ ứng dụng công nghệ 3D và chuyển động cơ khí, là điểm check-in rất nổi bật.(12 km)"
31,Cánh đồng Hoa Cẩm Tú Cầu,"Đường Tập Đoàn 7, Trại Mát, Xuân Trường, Đà Lạt, Lâm Đồng https://maps.app.goo.gl/BKcVgZCLbNk7T9aA7",30.000 – 50.000 VNĐ,07:00 – 17:30,4.3,"Cánh đồng cẩm tú cầu rộng lớn, nở đẹp quanh năm, là địa điểm chụp ảnh nổi tiếng của Đà Lạt .(15 km )"
32,Dapa Hill Đà Lạt,"Tổ 20, thôn 4, khu Cam Ly, Đà Lạt, Lâm Đồng https://maps.app.goo.gl/EbEtce8oSduo32zY9",100.000 – 150.000 VNĐ,07:00 –  18:00 ,4.5,"Khu du lịch phong cách Tây Bắc với cầu kính, vườn hoa, đồi cỏ và nhiều góc check-in giữa rừng thông. (18 km)"
33,KDL Pini,"Thôn Đạ Nghịt, xã Lát, huyện Lạc Dương, Lâm Đồng https://maps.app.goo.gl/vkNvCf9j4CaZV8R86",150.000 VNĐ,08:00 – 17:00,4.6,"Khu du lịch sinh thái với cầu kính, suối, rừng thông và nhiều trò chơi ngoài trời.18 km"
34,Cà phê Chồn Phú An,"Tổ 16, thôn 1, xã Tà Nung, Đà Lạt, Lâm Đồng https://maps.app.goo.gl/jqgbcGynKZFJVsLq8",Miễn phí (gọi nước từ 40.000đ),07:00 – 17:30,4.5,Trang trại cà phê chồn kết hợp tham quan quy trình chế biến và thưởng thức cà phê đặc sản.17 km
35,Cáp treo Đồi Robin,"Đồi Robin, đường Đống Đa, phường Xuân Hương, Đà Lạt https://maps.app.goo.gl/L543GVeFiq5dbfWM8",100.000 VNĐ/lượt khứ hồi,07:30 – 16:30,4.5,Tuyến cáp treo ngắm toàn cảnh Đà Lạt và Hồ Tuyền Lâm từ trên cao.3 km
36,Langbiang Land,"Thôn Đạ Nghịt, xã Lát, huyện Lạc Dương, Lâm Đồng https://maps.app.goo.gl/7u13EBDh6oNmkiNPA",200.000 VNĐ,08:00 – 17:30,4.6,"Khu vui chơi mới với nhiều trò chơi cảm giác mạnh, vườn hoa và cảnh quan rừng thông.16 km"
37,Cổng Trời Bali Green Hills,"3Bis Đống Đa, Xuân Hương – Đà Lạt https://maps.app.goo.gl/NDvWQ4vRZgjRH2dG7",90.000 – 100.000 VNĐ,07:00 – 17:30,4.4,"Điểm check-in nổi tiếng với Cổng Trời Bali, xích đu và nhiều tiểu cảnh ngắm núi.10 km"
38,KDL Ohayo Đà Lạt,"Quốc lộ 20, xã Hiệp An, huyện Đức Trọng, Lâm Đồng https://maps.app.goo.gl/jZp4yn9bhifXsiT47",150.000 VNĐ,07:30 – 17:30,4.6,"Khu du lịch phong cách Nhật Bản với cổng Torii, hồ cá Koi, kimono và vườn bonsai.28 km"
39,Làng hoa Vạn Thành - Khu du lịch VẠN HOA ĐÀ LẠT,"43 Vạn Thành, phường Cam Ly, Đà Lạt, Lâm Đồng https://maps.app.goo.gl/CswJGqCFTjtAMnoU9",60.000 VNĐ,07:00 – 17:00,4.4,"Làng hoa truyền thống nổi tiếng với hoa hồng, cẩm chướng và nhà kính công nghệ cao.4 km"
40,Pink Valley Đà Lạt,"Khu vực Hồ Tuyền Lâm, phường Xuân Hương, Đà Lạt, Lâm Đồng https://maps.app.goo.gl/YsLwqUNhpHsyDm4CA",100.000 VNĐ,08:00 – 17:00,4.4,"Khu check-in với tông màu hồng, nhiều tiểu cảnh chụp ảnh và quán cà phê.16 km"
41,KDL Thúy Thuận,"Tổ 13, xã Tà Nung, Đà Lạt, Lâm Đồng https://maps.app.goo.gl/dFq9jHdbaP7oZ7iX8",100.000 VNĐ,07:00 – 17:30,4.5,"Khu tham quan nhà máy cà phê kết hợp quán cà phê, hồ cá Koi, vườn hoa và nhiều góc check-in.18 km"
42,Vườn hoa Đà Lạt,"WF8V+J2, Xuân Trường - Đà Lạt, Lâm Đồng, Việt Nam https://maps.app.goo.gl/fm8aC7i1Xahv6QMt6",100.000 VNĐ,06:00–18:00,4.5,"Vườn Hoa Đà Lạt thật sự rất đẹp, muôn vàn loài hoa khoe sắc rực rỡ. Không gian trong lành, là nơi lý tưởng để dạo chơi và chụp ảnh."
43,Quảng Trường Lâm Viên,"Đ. Trần Quốc Toản, Xuân Hương - Đà Lạt, Lâm Đồng, Việt Nam https://maps.app.goo.gl/Jzr6GbGcmqPZxuL87",Miễn phí,Mở cả ngày ,4.5,"Quảng trường Lâm Viên là điểm đến biểu tượng của Đà Lạt, không gian rộng rãi, thoáng đãng, rất thích hợp dạo mát và chụp ảnh."
,Đồi cỏ hồng Măng Lin,"Đồi Mả Thánh, Măng Lin, Lang Biang - Đà Lạt, Lâm Đồng, Việt Nam https://maps.app.goo.gl/5SzyD2DCdGnSFfgz9",Miễn phí,Mở cả ngày ,4.4,"Đồi Măng Lin Đà Lạt là địa điểm check-in và săn mây, bình minh hoang sơ, mang lại cảm giác bình yên với không gian đồi thông thoáng đãng"
,Hồ Xuân Hương,"Xuân Hương - Đà Lạt, Lâm Đồng, Việt Nam https://maps.app.goo.gl/gfDKTr7ujNekChnS9",Miễn phí,Mở cả ngày ,4.5,"Hồ Xuân Hương nằm ở trung tâm thành phố Đà Lạt, buổi chiều đi dạo xung quanh hồ ngắm cảnh cũng khá chill. Tại đây cũng có dịch vụ cho thuê đạp vịt, thích hợp giải trí."