STT,Tên cơ sở,Sao,Địa chỉ,Giá từ,Đánh giá,Mô tả,Phân khúc
1,Dalat Family Hostel,Chưa xác định hạng sao chính thức,"3/4, Ngô Quyền, st, Ward 6, Lâm Đồng",70.000 VNĐ,"4,3","Hostel giá rẻ, không gian thân thiện, phù hợp khách du lịch bụi và sinh viên. Cách trung tâm (Chợ Đà Lạt) khoảng 2 km, thuận tiện di chuyển.",Bình dân
2,Backpacker Inn Dalat,Chưa xác định hạng sao chính thức,"3/2 Street Đ. Trần Phú, Alley, Xuân Hương - Đà Lạt, Lâm Đồng",100.000 VNĐ,—,"Hostel dành cho khách du lịch tự túc với mức giá tiết kiệm, phù hợp nghỉ ngắn ngày. Cách trung tâm khoảng 1,5 km.",Bình dân
3,Note Dalat Hostel,Chưa xác định hạng sao chính thức,"33 Đường Bà Triệu, Xuân Hương - Đà Lạt, Lâm Đồng",180.000 VNĐ,"4,7","Hostel trẻ trung, sạch sẽ, có không gian sinh hoạt chung, thích hợp khách đi một mình hoặc nhóm bạn. Cách trung tâm khoảng 700 m.",Bình dân
4,Tường Vy Dalat Central,Chưa xác định hạng sao chính thức,"46 Phan Như Thạch, Xuân Hương - Đà Lạt, Lâm Đồng",250.000 VNĐ,"4,4","Khách sạn bình dân ngay khu trung tâm, thuận tiện tham quan và ăn uống. Cách Chợ Đà Lạt khoảng 300 m, có thể đi bộ.",Bình dân
5,Pretty Backpackers House,Chưa xác định hạng sao chính thức,"14 Đường Hai Bà Trưng, Cam Ly - Đà Lạt, Lâm Đồng",260.000 VNĐ,"4,9","Hostel ấm cúng với dịch vụ thân thiện, phù hợp khách trẻ và khách du lịch ba lô. Cách trung tâm khoảng 1 km.",Bình dân
6,Rosie Hotel Đà Lạt,Chưa xác định hạng sao chính thức,"84/2 Đường Phù Đổng Thiên Vương, Lâm Viên - Đà Lạt, Lâm Đồng",260.000 VNĐ,"4,7","Khách sạn hiện đại, phòng nghỉ tiện nghi, phù hợp cặp đôi và gia đình nhỏ. Cách trung tâm khoảng 2,8 km.",Bình dân
7,Dreamy Hotel Dalat,Chưa xác định hạng sao chính thức,"Khu Quy Hoạch Hoàng Văn Thụ, Xuân Hương - Đà Lạt, Lâm Đồng",270.000 VNĐ,"4,5","Khách sạn nằm trong khu vực yên tĩnh, thích hợp nghỉ dưỡng và thư giãn. Cách trung tâm khoảng 2 km.",Bình dân
8,Lien Son Hotel Dalat,Chưa xác định hạng sao chính thức,"88 Đường Bùi Thị Xuân, Xuân Hương - Đà Lạt, Lâm Đồng",280.000 VNĐ,"4,4","Khách sạn có vị trí thuận lợi, gần nhiều điểm ăn uống và mua sắm. Cách Chợ Đà Lạt khoảng 900 m.",Bình dân
9,Khách sạn My Lan Đà Lạt,Chưa xác định hạng sao chính thức,"Khu Qui Hoạch/01 Đường Trần Lê, Xuân Hương - Đà Lạt, Lâm Đồng",280.000 VNĐ,"4,9","Khách sạn sạch sẽ, yên tĩnh, phù hợp khách du lịch và nghỉ ngơi ngắn ngày. Cách trung tâm khoảng 2 km.",Bình dân
10,Pine View Dalat Hotel,Chưa xác định hạng sao chính thức,"Vạn Thành/Đường Hoàng Văn Thụ/23 E Cam Ly, Phường, Cam Ly - Đà Lạt, Lâm Đồng",290.000 VNĐ,"4,6","Khách sạn có không gian thoáng đãng, gần thiên nhiên, thích hợp nghỉ dưỡng. Cách trung tâm khoảng 3 km.",Bình dân
11,L’amour Stay Dalat,Chưa xác định hạng sao chính thức,"244 Đường Tô Hiến Thành, Xuân Hương - Đà Lạt, Lâm Đồng",300.000 VNĐ,5,"Homestay/khách sạn mang phong cách lãng mạn, phù hợp cặp đôi và nhóm nhỏ. Cách trung tâm khoảng 3 km.",Bình dân
12,Đa Phú Hotel,Chưa xác định hạng sao chính thức,"116 Da Đường đa Phú, Lang Biang - Đà Lạt, Lâm Đồng",300.000 VNĐ,"4,9","Khách sạn có phòng nghỉ tiện nghi, dịch vụ chu đáo và không gian yên tĩnh. Cách trung tâm khoảng 5 km.",Bình dân
13,Dalat Prince Hotel,⭐️⭐️⭐️⭐️,"51 Quang Trung, Lâm Viên, Đà Lạt, Lâm Đồng",320.000 VNĐ,"4,4","Villa homestay gần gũi thiên nhiên, thích hợp gia đình và nhóm bạn. Cách trung tâm khoảng 3 km.",Bình dân
14,Dona Dalat Hotel,Chưa xác định hạng sao chính thức,"18A Đường Thi Sách, Cam Ly - Đà Lạt, Lâm Đồng",350000 VNĐ,5,"Khách sạn nhỏ, sạch sẽ, tiện nghi, mang đến không gian nghỉ ngơi thoải mái. Cách trung tâm khoảng 2 km.",Bình dân
15,Vy Vy 3 Hotel,Chưa xác định hạng sao chính thức,"135 Đường Bùi Thị Xuân, Xuân Hương - Đà Lạt, Lâm Đồng",350000 VNĐ,"3,9","Khách sạn bình dân với vị trí thuận tiện, phù hợp khách du lịch ngắn ngày. Cách Chợ Đà Lạt khoảng 1 km.",Bình dân
16,Lưu Ly Hotel,⭐️⭐️,"Lô B3-13 Golf Valley, Xuân Hương - Đà Lạt, Lâm Đồng",360000 VNĐ,4,"Khách sạn phổ thông, thuận tiện nghỉ ngơi và khám phá thành phố. Cách trung tâm khoảng 800 m.",Bình dân
17,Dalat Friendly Fun Hostel,Chưa xác định hạng sao chính thức,"F18 Đ. Mạc Đĩnh Chi, Xuân Hương - Đà Lạt, Lâm Đồng",470.000 VNĐ,"4,7","Hostel trẻ trung, không gian thân thiện, được nhiều khách quốc tế lựa chọn. Cách trung tâm khoảng 1,5 km.",Bình dân
18,Da Lan Hotel,⭐️,"36 Đ. Nguyễn Chí Thanh, Thành phố Đà Lạt, Lâm Đồng",500.000 VNĐ,"4,6","Khách sạn tầm trung với phòng nghỉ tiện nghi, thuận tiện tham quan và mua sắm. Cách Chợ Đà Lạt khoảng 300 m.",Bình dân
19,Hải Uyên Hotel,Chưa xác định hạng sao chính thức,"67 Nam Kỳ Khởi Nghĩa, Xuân Hương - Đà Lạt, Lâm Đồng",520.000 VNĐ,"4,5","Khách sạn gần chợ và nhiều điểm ăn uống, phù hợp khách du lịch và công tác. Cách trung tâm khoảng 200 m.",Trung cấp
20,Redhouse Hotel,Chưa xác định hạng sao chính thức,"11 Đường Lương Thế Vinh, Xuân Hương - Đà Lạt, Lâm Đồng",540.000 VNĐ,"4,5","Khách sạn hiện đại với không gian ấm cúng, phù hợp cặp đôi và gia đình. Cách trung tâm khoảng 1 km.",Trung cấp
21,Goldient Boutique Hotel,⭐️⭐️⭐️⭐️,"26 Đường Tô Hiến Thành, Xuân Hương - Đà Lạt, Lâm Đồng",550.000 VNĐ,"4,9","Boutique hotel thiết kế sang trọng, yên tĩnh, dịch vụ chất lượng. Cách trung tâm khoảng 2,5 km.",Trung cấp
22,Dalat Boutique Hotel,⭐️⭐️⭐️,"14 Đ. Huỳnh Thúc Kháng, Xuân Hương - Đà Lạt, Lâm Đồng",560.000 VNĐ,"4,6","Khách sạn boutique với không gian hiện đại, mang lại trải nghiệm lưu trú thoải mái. Cách trung tâm khoảng 1,2 km.",Trung cấp
23,Osaka Village Dalat,Chưa xác định hạng sao chính thức,"62 Đường Đống Đa, Xuân Hương - Đà Lạt, Lâm Đồng",560.000 VNĐ,"4,5","Khu lưu trú dạng villa với nhiều cây xanh, thích hợp gia đình và nhóm bạn. Cách trung tâm khoảng 2 km.",Trung cấp
24,Nice Dream Hotel,⭐️⭐️⭐️⭐️,"01 Đường Nguyễn Thị Minh Khai, Xuân Hương - Đà Lạt, Lâm Đồng",577.000 VNĐ,"4,3","Khách sạn nằm ngay khu trung tâm, thuận tiện mua sắm, ăn uống và tham quan. Cách Chợ Đà Lạt khoảng 100 m.",Trung cấp
25,Nature Boutique Hotel,⭐️⭐️⭐️⭐️,"H16 H17, Nguyễn Thị Nghĩa, Xuân Hương - Đà Lạt, Lâm Đồng",580.000 VNĐ,"4,5","Boutique hotel có thiết kế hiện đại, không gian đẹp, phù hợp nghỉ dưỡng. Cách trung tâm khoảng 800 m.",Trung cấp
26,Canary Dalat Hotel,⭐️⭐️⭐️⭐️,"82 Đường Trần Quang Khải, Lâm Viên - Đà Lạt, Lâm Đồng",590.000 VNĐ,"4,5","Khách sạn hiện đại, không gian yên tĩnh, phù hợp gia đình và cặp đôi. Cách trung tâm khoảng 2,5 km, thuận tiện di chuyển.",Trung cấp
27,Mai Thắng Hotel,⭐️⭐️⭐️,"6 Đường Hai Bà Trưng, Cam Ly - Đà Lạt, Lâm Đồng",590.000 VNĐ,"4,5","Khách sạn có mức giá hợp lý, vị trí thuận tiện để tham quan và khám phá thành phố. Cách trung tâm khoảng 1 km.",Trung cấp
28,Empress Dalat - Sky View Hotel,⭐️⭐️⭐️,"50 Phan Như Thạch, Xuân Hương - Đà Lạt, Lâm Đồng",590.000 VNĐ,"4,5","Khách sạn tiện nghi với tầm nhìn đẹp, phù hợp khách du lịch và công tác. Cách Chợ Đà Lạt khoảng 400 m.",Trung cấp
29,Marguerite Hotel,⭐️⭐️⭐️,"30-32 Đ. Nguyễn Chí Thanh, Xuân Hương - Đà Lạt, Lâm Đồng",600.000 VNĐ,"4,5","Khách sạn nằm ngay khu trung tâm, thuận tiện mua sắm, ăn uống và tham quan. Cách Chợ Đà Lạt khoảng 300 m.",Trung cấp
30,Osaka Hotel Dalat,Chưa xác định hạng sao chính thức,"62 Đường Đống Đa, Xuân Hương - Đà Lạt, Lâm Đồng",610.000 VNĐ,"4,4","Khách sạn quy mô vừa với không gian thoải mái, phù hợp gia đình và nhóm bạn. Cách trung tâm khoảng 2 km.",Trung cấp
31,Tulip Hotel 3,⭐️⭐️⭐️,"57-59 Ba Tháng Hai, Xuân Hương - Đà Lạt, Lâm Đồng",620.000 VND,"4,4","Khách sạn nằm gần khu trung tâm, thuận tiện di chuyển đến các điểm tham quan nổi tiếng. Cách Chợ Đà Lạt khoảng 400 m.",Trung cấp
32,Lê Macaron Boutique Hotel,⭐️⭐️,"52 Đường Trương Công Định, Xuân Hương - Đà Lạt, Lâm Đồng",620.000 VNĐ,"4,6","Boutique hotel thiết kế trẻ trung, không gian ấm cúng, phù hợp cặp đôi. Cách trung tâm khoảng 500 m.",Trung cấp
33,Ladalat Hotel,⭐️⭐️⭐️⭐️⭐️,"106A Đường Mai Anh Đào, Lâm Viên - Đà Lạt, Lâm Đồng",650.000 VNĐ,"4,6","Khách sạn cao cấp gần Thung lũng Tình Yêu, không gian sang trọng và tiện nghi. Cách trung tâm khoảng 5 km.",Trung cấp
34,The Gate Boutique Hotel,⭐️⭐️⭐️,"28 Đường Đặng Thái Thân, Xuân Hương - Đà Lạt, Lâm Đồng",650.000 VNĐ,"4,7","Boutique hotel hiện đại, không gian riêng tư, phù hợp nghỉ dưỡng. Cách trung tâm khoảng 2 km.",Trung cấp
35,Sunrise Đà Lạt Hotel,Chưa xác định hạng sao chính thức,"21B Khe Sanh, Xuân Hương - Đà Lạt, Lâm Đồng",650.000 VNĐ,"4,5","Khách sạn có không gian thoải mái, gần nhiều điểm tham quan nổi tiếng. Cách trung tâm khoảng 2 km.",Trung cấp
36,Starhill Hotel Dalat,Chưa xác định hạng sao chính thức,"32 Ba Tháng Hai, Xuân Hương - Đà Lạt, Lâm Đồng",650.000 VNĐ,"4,5","Khách sạn vị trí đẹp, phòng nghỉ tiện nghi, phù hợp khách du lịch và công tác. Cách Chợ Đà Lạt khoảng 500 m.",Trung cấp
37,Dream Boutique Hotel,⭐️⭐️⭐️,"01 Hoàng Hoa Thám, Xuân Hương - Đà Lạt, Lâm Đồng",680.000 VNĐ,"4,6","Boutique hotel hiện đại với không gian yên tĩnh, thích hợp nghỉ dưỡng. Cách trung tâm khoảng 2 km.",Trung cấp
38,Dragon King 1 Hotel,⭐️⭐️⭐️,"67-69 Đường Bùi Thị Xuân, St, Xuân Hương - Đà Lạt, Lâm Đồng",680.000 VNĐ,"4,4","Khách sạn gần khu trung tâm, thuận tiện mua sắm và ăn uống. Cách Chợ Đà Lạt khoảng 700 m.",Trung cấp
39,The Luxe Hotel Dalat,⭐️⭐️⭐️,"17 Ba Tháng Tư, Xuân Hương - Đà Lạt, Lâm Đồng",690.000 VNĐ,"4,2","Khách sạn mang phong cách hiện đại, phù hợp khách công tác và nghỉ dưỡng. Cách trung tâm khoảng 1 km.",Trung cấp
40,Minh Chiến Hotel,Chưa xác định hạng sao chính thức,"31 Thiện Mỹ, Xuân Hương - Đà Lạt, Lâm Đồng",690.000 VNĐ,"4,4","Khách sạn có phòng nghỉ rộng rãi, mức giá hợp lý, phù hợp gia đình. Cách trung tâm khoảng 2 km.",Trung cấp
41,Sandals Flora Hotel,Chưa xác định hạng sao chính thức,"18 Đường Nguyễn Thị Minh Khai, Xuân Hương - Đà Lạt, Lâm Đồng",690.000 VNĐ,"4,5","Khách sạn hiện đại, vị trí thuận tiện ngay khu trung tâm thành phố. Cách Chợ Đà Lạt khoảng 150 m.",Trung cấp
42,Antaeus Hotel & Apartment,Chưa xác định hạng sao chính thức,"Bên hông cổng Đà Lạt Hasfarm, Đường Nguyên Tử Lực, Lâm Viên - Đà Lạt, Lâm Đồng",700.000 VNĐ,"4,8","Khách sạn căn hộ với không gian rộng rãi, phù hợp lưu trú dài ngày. Cách trung tâm khoảng 3 km.",Trung cấp
43,Romeo & Juliet Hotel,Chưa xác định hạng sao chính thức,"VCQP+Q2W Highland Resort, Đường Hoa Phượng Tím, Xuân Hương - Đà Lạt, Lâm Đồng",700.000 VNĐ,"4,6","Khách sạn mang phong cách lãng mạn, phù hợp cặp đôi và kỳ nghỉ thư giãn. Cách trung tâm khoảng 7 km.",Trung cấp
44,River Prince Hotel,⭐️⭐️⭐️,"145 Phan Đình Phùng, Xuân Hương - Đà Lạt, Lâm Đồng",720.000 VNĐ,"4,3","Khách sạn gần trung tâm, thuận tiện tham quan, mua sắm và thưởng thức ẩm thực. Cách Chợ Đà Lạt khoảng 700 m.",Trung cấp
45,Dragon King Hotel,⭐️⭐️⭐️,"7 Đ. Hùng Vương, Xuân Hương - Đà Lạt, Lâm Đồng",720.000 VNĐ,"4,5","Khách sạn tầm trung với vị trí thuận tiện, phù hợp khách du lịch và công tác. Cách trung tâm khoảng 2 km.",Trung cấp
46,Iris Dalat Hotel,⭐️⭐️⭐️,"20 Phan Như Thạch, Xuân Hương - Đà Lạt, Lâm Đồng",730.000 VNĐ,"4,4","Khách sạn ngay khu trung tâm, dễ dàng tiếp cận chợ Đà Lạt và Hồ Xuân Hương. Cách Chợ Đà Lạt khoảng 300 m.",Trung cấp
47,Stillus Boutique Hotel,⭐️⭐️⭐️⭐️,"107 Đường Triệu Việt Vương, Xuân Hương - Đà Lạt, Lâm Đồng",760.000 VNĐ,"4,6","Boutique hotel sang trọng, không gian yên tĩnh, thích hợp nghỉ dưỡng. Cách trung tâm khoảng 2 km.",Trung cấp
48,Pi Hostel,Chưa xác định hạng sao chính thức,"61 Đ. Thủ Khoa Huân, Xuân Hương - Đà Lạt, Lâm Đồng",780.000 VNĐ,"4,5","Hostel hiện đại, sạch sẽ, phù hợp khách trẻ và khách du lịch tự túc. Cách Chợ Đà Lạt khoảng 400 m.",Trung cấp
49,Saphir Dalat Hotel,⭐️⭐️⭐️⭐️,"22-24 Phan Như Thạch, Xuân Hương - Đà Lạt, Lâm Đồng",780.000 VNĐ,"4,5","Khách sạn mang phong cách cổ điển, không gian ấm cúng, gần nhiều điểm tham quan. Cách Chợ Đà Lạt khoảng 350 m.",Trung cấp
50,Le House Da Lat,Chưa xác định hạng sao chính thức,"124 Đường Phạm Ngọc Thạch, Cam Ly - Đà Lạt, Lâm Đồng",800.000 VNĐ,"4,8","Homestay/khách sạn có thiết kế đẹp, không gian ấm cúng, phù hợp nghỉ dưỡng. Cách trung tâm khoảng 2,5 km.",Trung cấp
51,Kings Hotel Dalat,⭐️⭐️⭐️⭐️,"Số 10 Đường Bùi Thị Xuân, Xuân Hương - Đà Lạt, Lâm Đồng",820.000 VNĐ,"3,8","Khách sạn nằm gần khu trung tâm, thuận tiện mua sắm và tham quan. Cách Chợ Đà Lạt khoảng 500 m, phù hợp khách du lịch và công tác.",Trung cấp
52,Golf Valley Hotel,⭐️⭐️⭐️⭐️,"94 Đường Bùi Thị Xuân, Xuân Hương - Đà Lạt, Lâm Đồng",850.000 VNĐ,"4,5","Khách sạn hiện đại với nhiều tiện nghi, phù hợp nghỉ dưỡng và công tác. Cách Chợ Đà Lạt khoảng 600 m.",Trung cấp
53,Vietsovpetro Hotel Đà Lạt,⭐️⭐️⭐️⭐️,"7 Đ. Hùng Vương, Xuân Hương - Đà Lạt, Lâm Đồng",850.000 VNĐ,"4,4","Khách sạn quy mô lớn, phòng nghỉ rộng rãi, thích hợp khách đoàn và gia đình. Cách trung tâm khoảng 2 km.",Trung cấp
54,Dalat Plaza Hotel,⭐️⭐️⭐️,"19 Đường Lê Đại Hành, Xuân Hương - Đà Lạt, Lâm Đồng",890.000 VNĐ,"4,4","Khách sạn gần Hồ Xuân Hương, thuận tiện tham quan và mua sắm. Cách Chợ Đà Lạt khoảng 300 m.",Trung cấp
55,New Memories Hotel Da Lat,⭐️⭐️,"95 Đường An Bình, Xuân Hương - Đà Lạt, Lâm Đồng",900.000 VNĐ,"4,7","Khách sạn hiện đại, không gian ấm cúng, phù hợp cặp đôi và nhóm nhỏ. Cách trung tâm khoảng 2,5 km.",Trung cấp
56,La Sapinette Hotel,⭐️⭐️⭐️⭐️,"01 Phan Chu Trinh, Lâm Viên - Đà Lạt, Lâm Đồng",950.000 VNĐ,"4,4","Khách sạn mang kiến trúc châu Âu sang trọng, dịch vụ chuyên nghiệp. Cách trung tâm khoảng 2,5 km.",Trung cấp
57,New Life Hotel Đà Lạt,⭐️⭐️⭐️,"6 Đống Đa, Xuân Hương - Đà Lạt, Lâm Đồng",950.000 VNĐ,"4,3","Resort ven hồ với không gian xanh yên bình, lý tưởng cho kỳ nghỉ thư giãn. Cách trung tâm khoảng 8 km.",Trung cấp
58,Laimeront Dalat Hotel,Chưa xác định hạng sao chính thức,"64 Phan Như Thạch, Xuân Hương - Đà Lạt, Lâm Đồng",960.000 VNĐ,"4,8","Khách sạn hiện đại, được đánh giá cao về chất lượng phục vụ và tiện nghi. Cách Chợ Đà Lạt khoảng 500 m.",Trung cấp
59,TTC Hotel Ngọc Lan,⭐️⭐️⭐️⭐️,"42 Đ. Nguyễn Chí Thanh, Xuân Hương - Đà Lạt, Lâm Đồng",980.000 VNĐ,"4,3","Khách sạn lâu năm với vị trí đắc địa, thuận tiện tham quan và mua sắm. Cách Chợ Đà Lạt khoảng 150 m.",Trung cấp
60,Sammy Dalat Hotel,⭐️⭐️⭐️⭐️,"1 Lê Hồng Phong, Xuân Hương - Đà Lạt, Lâm Đồng",980.000 VNĐ,"4,3","Khách sạn tiêu chuẩn cao, nhiều tiện ích, phù hợp khách đoàn và công tác. Cách trung tâm khoảng 1 km.",Trung cấp
61,Du Parc Hotel Dalat,⭐️⭐️⭐️⭐️,"15 Đ. Trần Phú, Xuân Hương - Đà Lạt, Lâm Đồng",980.000 VNĐ,"4,3","Khách sạn mang kiến trúc Pháp cổ, gần nhiều địa điểm nổi tiếng của thành phố. Cách Chợ Đà Lạt khoảng 700 m.",Trung cấp
62,Hôtel Colline,⭐️⭐️⭐️⭐️,"10 Phan Bội Châu, Xuân Hương - Đà Lạt, Lâm Đồng",990.000 VNĐ,"4,6","Khách sạn cao cấp ngay trung tâm, thuận tiện mua sắm, ăn uống và tham quan. Cách Chợ Đà Lạt khoảng 100 m.",Trung cấp
63,Swiss-Belresort Dalat,⭐️⭐️⭐️⭐️,"số 7 và 8, KDL Hồ Tuyền Lâm, Phường 3, Xuân Hương - Đà Lạt, Lâm Đồng",990.000 VNĐ,"4,6",Resort cao cấp với sân golf và cảnh quan thiên nhiên rộng mở. Cách trung tâm khoảng 10 km.,Trung cấp
64,Luxury Hotel,⭐️⭐️⭐️,"124 Đường Tô Hiến Thành, Xuân Hương - Đà Lạt, Lâm Đồng",1.000.000 VNĐ,"4,7","Khách sạn hiện đại với nhiều tiện nghi, phù hợp nghỉ dưỡng và công tác. Cách trung tâm khoảng 3 km.",Cao cấp
65,Dalat Boutique PNP Hotel,⭐️⭐️⭐️,"14 Đ. Huỳnh Thúc Kháng, Xuân Hương - Đà Lạt, Lâm Đồng",1.050.000 VNĐ,"4,5","Boutique hotel hiện đại, chú trọng trải nghiệm lưu trú và không gian nghỉ ngơi. Cách trung tâm khoảng 1,2 km.",Cao cấp
66,Khách sạn Dalat Luxury,⭐️⭐️⭐️⭐️⭐️,"156 Đường Bùi Thị Xuân, Xuân Hương - Đà Lạt, Lâm Đồng",1.100.000 VNĐ,"4,2","Khách sạn tiện nghi, phù hợp khách du lịch và công tác với vị trí thuận tiện. Cách Chợ Đà Lạt khoảng 1 km.",Cao cấp
67,Boho Boutique Đà Lạt,⭐️⭐️⭐️,"19 Đường Đinh Công Tráng, Lang Biang - Đà Lạt, Lâm Đồng",1.100.000 VNĐ,"4,9","Homestay phong cách Bohemian độc đáo, không gian nghệ thuật và ấm cúng. Cách trung tâm khoảng 3 km.",Cao cấp
68,The Orchid Villa Dalat,⭐️⭐️⭐️,"120 Đường Tô Hiến Thành, Xuân Hương - Đà Lạt, Lâm Đồng",1.250.000 VNĐ,"4,7","Villa nghỉ dưỡng rộng rãi, riêng tư, phù hợp gia đình và nhóm khách. Cách trung tâm khoảng 3 km.",Cao cấp
69,MerPerle Dalat Hotel,⭐️⭐️⭐️⭐️⭐️,"1 Đ. Hùng Vương, Xuân Hương - Đà Lạt, Lâm Đồng",1.350.000 VNĐ,"4,6",Khách sạn cao cấp với phòng nghỉ hiện đại và nhiều tiện ích. Cách trung tâm khoảng 2 km.,Cao cấp
70,The Mist Boutique Hotel DaLat,Chưa xác định hạng sao chính thức,"59 Đặng Thái Thân, Xuân Hương - Đà Lạt, Lâm Đồng",1.400.000 VNĐ,5,"Boutique hotel sang trọng, không gian riêng tư, thích hợp kỳ nghỉ thư giãn. Cách trung tâm khoảng 2 km.",Cao cấp
71,California Hotel,⭐️⭐️⭐️,"A28 Nguyễn Hữu Cảnh, Lâm Viên - Đà Lạt, Lâm Đồng",1.450.000 VNĐ,"4,9","Khách sạn hiện đại, tiện nghi, gần nhiều điểm tham quan nổi tiếng. Cách trung tâm khoảng 5 km.",Cao cấp
72,Le Récit Boutique Hôtel de Dalat,⭐️⭐️⭐️⭐️,"117 Đường Bùi Thị Xuân, Xuân Hương - Đà Lạt, Lâm Đồng",1.600.000 VNĐ,"4,8","Boutique hotel phong cách châu Âu, thiết kế tinh tế, dịch vụ chất lượng. Cách Chợ Đà Lạt khoảng 900 m.",Cao cấp
73,Dalat Palace Heritage Hotel,⭐️⭐️⭐️⭐️⭐️,"2 Đ. Trần Phú, Xuân Hương - Đà Lạt, Lâm Đồng",3.600.000 VNĐ,"4,7","Khách sạn di sản nổi tiếng với kiến trúc Pháp cổ sang trọng, phù hợp nghỉ dưỡng cao cấp. Cách Chợ Đà Lạt khoảng 300 m.",Cao cấp
74,The Western Hill Hotel,⭐️⭐️⭐️⭐️,"135 - 145 Phan Đình Phùng, Phường Xuân Hương, Đà Lạt, Lâm Đồng",2.000.000 VNĐ,"4,8","Khách sạn mang phong cách kiến trúc châu Âu hiện đại, gồm 104 phòng với cửa sổ, nhiều tiện nghi. Từ khách sạn đến Chợ Đà Lạt khoảng 0,8 km, Hồ Xuân Hương khoảng 1,2 km.",Cao cấp
75,Golden Sun Hotel – Dalat,⭐️⭐️⭐️⭐️⭐️,"Số 1 Bà Huyện Thanh Quan, Xuân Hương, Đà Lạt, Lâm Đồng",2.400.000 VNĐ,"4,9","Khách sạn mang phong cách hiện đại, sang trọng, các phòng được trang bị đầy đủ tiện nghi. Có nhà hàng, hồ bơi trong nhà, phòng tập thể hình, lễ tân 24 giờ và bãi đỗ xe. Nằm tại khu vực trung tâm, thuận tiện đến Chợ Đà Lạt, Hồ Xuân Hương và Quảng trường Lâm Viên.",Cao cấp
76,Nesta Valley Dalat Hotel,⭐️⭐️⭐️⭐️,"94 Bùi Thị Xuân, Xuân Hương, Đà Lạt, Lâm Đồng",2.300.000 VNĐ,"4,9","Mang phong cách hiện đại, thanh lịch, cung cấp nhiều loại phòng nghỉ với không gian thoải mái, bàn làm việc, phòng tắm riêng và Wi-Fi tốc độ cao. Khách sạn có spa, phòng tập thể hình, nhà hàng, buffet sáng, dịch vụ đưa đón sân bay và bãi đỗ xe. Cách Chợ Đà Lạt và Hồ Xuân Hương khoảng 0,9 km, Dalat Palace Golf Club khoảng 1,6 km.",Cao cấp
77,Bazan Dalat Hotel,⭐️⭐️⭐️,"36 Tô Hiến Thành, Xuân Hương, Đà Lạt, Lâm Đồng",340.000 VNĐ,"4,7","Tọa lạc trên đường Tô Hiến Thành, Bazan Dalat Hotel hướng đến không gian hiện đại nhưng gần gũi, phù hợp cho cả khách đi cá nhân và gia đình. Phòng nghỉ được trang bị đầy đủ tiện ích, tiện nghi. Từ đây đến Hồ Xuân Hương khoảng 2,3 km, Quảng trường Lâm Viên khoảng 2,4 km và Công viên Yersin khoảng 2,4 km.",Trung cấp
78,Khách Sạn Đồi Mây Đà Lạt,⭐️⭐️⭐️,"16/10 Nam Kỳ Khởi Nghĩa, Xuân Hương, Đà Lạt, Lâm Đồng",1.080.000 VNĐ,"4,3","Đồi Mây gây ấn tượng với cách thiết kế trẻ trung, thoáng và thiên về sự tiện nghi, có nhiều lựa chọn phòng từ phòng đôi đến phòng dành cho gia đình. Khách sạn cách Quảng trường Lâm Viên khoảng 1,8 km, Hồ Xuân Hương 2,0 km và Công viên Yersin khoảng 2,1 km.",Trung cấp
79,TTR Skypool View Hotel – Đà Lạt,⭐️⭐️⭐️,"5 Mai Hắc Đế, Cam Ly, Đà Lạt, Lâm Đồng",390.000 VNĐ,"4,5","Điểm nổi bật của TTR Skypool View Hotel là thiết kế hiện đại kết hợp hồ bơi trên cao, tạo không gian nghỉ ngơi có tầm nhìn về thành phố. Khách sạn cung cấp phòng đôi và phòng gia đình. Từ khách sạn đến Crazy House khoảng 1,9 km, Quảng trường Lâm Viên 2,5 km và Hồ Xuân Hương 2,7 km.",Trung cấp
80,Eluna Lilly Da Lat Hotel,⭐️⭐️⭐️,"35 Thủ Khoa Huân, Xuân Hương, Đà Lạt, Lâm Đồng",280.000 VNĐ,"4,45","Eluna Lilly được xây dựng theo hướng thanh lịch và hiện đại, với các phòng nghỉ có không gian khá gọn gàng, còn có sân vườn, khu vực sinh hoạt chung. Vị trí cách Quảng trường Lâm Viên khoảng 1,7 km, Hồ Xuân Hương 1,8 km, Công viên Yersin 2,0 km và Dalat Palace Golf Club 2,6 km",Trung cấp
81,Signature by M Village The Central Da Lat,⭐️⭐️⭐️⭐️⭐️,"11 Phan Như Thạch, Xuân Hương, Đà Lạt, Lâm Đồng",1.010.000 VNĐ,"4,5","Nằm trong khu vực trung tâm, Signature by M Village theo đuổi phong cách đương đại, tối giản và chú trọng sự tiện dụng. Hệ thống phòng đa dạng từ Superior đến Suite, trang bị đầy đủ tiện nghi. Từ khách sạn đến Quảng trường Lâm Viên khoảng 1,4 km, Hồ Xuân Hương 1,5 km và Công viên Yersin khoảng 1,8 km.",Cao cấp
82,Saigon Dalat Hotel,⭐️⭐️⭐️⭐️,"180 Ba Tháng Hai, Xuân Hương, Đà Lạt, Lâm Đồng",1.731.000 VNĐ,"4,25","Saigon Dalat Hotel mang sắc thái sang trọng và cổ điển pha hiện đại, phù hợp với du khách muốn lưu trú tại khu vực trung tâm. Khách sạn có hệ thống tiện ích tương đối đầy đủ gồm 4 nhà hàng, 3 quầy bar, hồ bơi trong nhà có nước ấm, sân tennis. Cách Chợ Đà Lạt khoảng 0,8 km, Vườn hoa Đà Lạt khoảng 1,0 km và Dinh Bảo Đại khoảng 1,2 km.",Cao cấp
83,Mường Thanh Holiday Đà Lạt Hotel,⭐️⭐️⭐️⭐️,"42 Phan Bội Châu, Xuân Hương, Đà Lạt, Lâm Đồng",2.200.000 VNĐ,"4,4","Với vị trí ngay khu vực trung tâm, Mường Thanh Holiday Đà Lạt mang phong cách hiện đại, ấm cúng, cung cấp nhiều hạng phòng từ Superior, Deluxe đến Executive Suite. Từ đây chỉ khoảng 0,1 km đến Chợ Đà Lạt và Hồ Xuân Hương.",Cao cấp
