STT,Tên cơ sở,Sao ,Địa chỉ,Giá từ,Đánh giá,Mô tả,Phân khúc
1,Cereja Hotel & Resort Dalat,⭐️⭐️⭐️⭐️,"Hoa Phượng Tím, Xuân Hương - Đà Lạt, Lâm Đồng, Việt Nam.(Cách trung tâm khoảng 7-8 km)",778.000VNĐ,"4,1","Không gian nghỉ dưỡng yên tĩnh, nhiều cây xanh, phòng nghỉ tiện nghi, thiết kế hiện đại, phù hợp thư giãn.",Bình dân 
2,Dalat Wonder Resort,⭐️⭐️⭐️⭐️⭐️,"Khu du lịch Hồ Tuyền Lâm, 19 Đ. Hoa Hồng, Xuân Hương - Đà Lạt, Lâm Đồng.(Cách trung tâm khoảng 9-10 km)",985.000VNĐ,"4,5","Khu nghỉ dưỡng sang trọng, nhiều tiện ích, phòng nghỉ hiện đại, view hồ và đồi thông đẹp, không gian rộng rãi.",Bình dân 
3,Zen Valley Dalat,⭐️⭐️⭐️,"38 Khe Sanh, Xuân Hương - Đà Lạt, Lâm Đồng.(Cách trung tâm khoảng 3 km)",1.000.000VNĐ,"4,5","Không gian gần gũi thiên nhiên, nhiều cây xanh, phòng nghỉ ấm cúng, view đồi núi và thung lũng thoáng đẹp.",Trung cấp 
4,Swiss-Belresort Tuyen Lam,⭐️⭐️⭐️⭐️,"số 7 và 8, KDL Hồ Tuyền Lâm, Phường 3, Xuân Hương - Đà Lạt, Lâm Đồng.(Cách trung tâm khoảng 8-9 km)",1.000.000VNĐ,"4,4","Resort có kiến trúc sang trọng, hồ bơi, nhà hàng, sân golf và không gian xanh, view hồ và núi ấn tượng.",Trung cấp 
5,Dalat Edensee Lake Resort & Spa,⭐️⭐️⭐️⭐️⭐️,"Tuyen Lam Lake, Zone VII.2, Xuân Hương - Đà Lạt, Lâm Đồng.(Cách trung tâm khoảng 8-9 km)",1.141.000VNĐ,"4,4","Không gian nghỉ dưỡng cao cấp bên hồ, phòng sang trọng, spa, nhà hàng, cảnh quan xanh và view hồ thơ mộng.",Trung cấp 
6,Terracotta Hotel & Resort Dalat,⭐️⭐️⭐️⭐️,"Phân khu chức năng 7.9 KDL hồ Tuyền Lâm, Xuân Hương - Đà Lạt, Lâm Đồng.(Cách trung tâm khoảng 7-8 km)",1.183.000VNĐ,"4,4","Khu nghỉ dưỡng rộng rãi, nhiều cây xanh, phòng tiện nghi, hồ bơi, nhà hàng, view hồ Tuyền Lâm và rừng thông.",Trung cấp 
7,SAM Tuyền Lâm Resort,⭐️⭐️⭐️⭐️,"Tuyền Lâm, Xuân Hương - Đà Lạt, Lâm Đồng.(Cách trung tâm khoảng 7-8 km)",1.500.000VNĐ,"4,3","Không gian nghỉ dưỡng giữa thiên nhiên, phòng và villa tiện nghi, cảnh quan xanh, view hồ và đồi thông yên bình.",Trung cấp 
8,Binh An Village Resort Dalat,Không,"Tuyen Lam Lake, Xuân Hương - Đà Lạt, Lâm Đồng.(Cách trung tâm khoảng 9-10 km)",2.400.000VNĐ,"4,4","Villa mang phong cách châu Âu, không gian riêng tư, sân vườn xanh mát, view hồ và thiên nhiên, phù hợp nghỉ dưỡng cao cấp.",Cao cấp 
9,Ana Mandara Villas Dalat Resort & Spa,⭐️⭐️⭐️⭐️⭐️,"2 Đường Lê Lai, Cam Ly - Đà Lạt, Lâm Đồng, Việt Nam.(Cách trung tâm khoảng 2 km)",2.813.000VNĐ,"4,6","Hệ thống biệt thự cổ mang kiến trúc Pháp, không gian sang trọng, sân vườn xanh, spa, nhà hàng và view đồi thông.",Cao cấp 
10,Green Villa - Biệt thự nghỉ dưỡng tại Đà Lạt,Không ,"Khu Biệt thự DIC, 14 Đ. An Sơn, Xuân Hương - Đà Lạt, Lâm Đồng.(Cách trung tâm khoảng 3 km)",3.000.000VNĐ,5,"Villa có không gian riêng tư, phòng nghỉ tiện nghi, sân vườn, khu sinh hoạt chung và view thiên nhiên thoáng đẹp.",Cao cấp 