STT,Khách sạn/Homestay,Địa chỉ,Giá từ,Đánh giá,Mô tả
1,Dalat Family Hostel,"3/4, Ngô Quyền, st, Ward 6, Lâm Đồng",70.000 VNĐ,"4,3","Hostel giá rẻ, không gian thân thiện, phù hợp khách du lịch bụi và sinh viên. Cách trung tâm (Chợ Đà Lạt) khoảng 2 km, thuận tiện di chuyển."
2,Backpacker Inn Dalat,"3/2 Street Đ. Trần Phú, Alley, Xuân Hương - Đà Lạt, Lâm Đồng",100.000 VNĐ,—,"Hostel dành cho khách du lịch tự túc với mức giá tiết kiệm, phù hợp nghỉ ngắn ngày. Cách trung tâm khoảng 1,5 km."
3,Note Dalat Hostel,"33 Đường Bà Triệu, Xuân Hương - Đà Lạt, Lâm Đồng",180.000 VNĐ,"4,7","Hostel trẻ trung, sạch sẽ, có không gian sinh hoạt chung, thích hợp khách đi một mình hoặc nhóm bạn. Cách trung tâm khoảng 700 m."
4,Tường Vy Dalat Central,"46 Phan Như Thạch, Xuân Hương - Đà Lạt, Lâm Đồng",250.000 VNĐ,"4,4","Khách sạn bình dân ngay khu trung tâm, thuận tiện tham quan và ăn uống. Cách Chợ Đà Lạt khoảng 300 m, có thể đi bộ."
5,Pretty Backpackers House,"14 Đường Hai Bà Trưng, Cam Ly - Đà Lạt, Lâm Đồng",260.000 VNĐ,"4,9","Hostel ấm cúng với dịch vụ thân thiện, phù hợp khách trẻ và khách du lịch ba lô. Cách trung tâm khoảng 1 km."
6,Rosie Hotel Đà Lạt,"84/2 Đường Phù Đổng Thiên Vương, Lâm Viên - Đà Lạt, Lâm Đồng",260.000 VNĐ,"4,7","Khách sạn hiện đại, phòng nghỉ tiện nghi, phù hợp cặp đôi và gia đình nhỏ. Cách trung tâm khoảng 2,8 km."
7,Dreamy Hotel Dalat,"Khu Quy Hoạch Hoàng Văn Thụ, Xuân Hương - Đà Lạt, Lâm Đồng",270.000 VNĐ,"4,5","Khách sạn nằm trong khu vực yên tĩnh, thích hợp nghỉ dưỡng và thư giãn. Cách trung tâm khoảng 2 km."
8,Lien Son Hotel Dalat,"88 Đường Bùi Thị Xuân, Xuân Hương - Đà Lạt, Lâm Đồng",280.000 VNĐ,"4,4","Khách sạn có vị trí thuận lợi, gần nhiều điểm ăn uống và mua sắm. Cách Chợ Đà Lạt khoảng 900 m."
9,Khách sạn My Lan Đà Lạt,"Khu Qui Hoạch/01 Đường Trần Lê, Xuân Hương - Đà Lạt, Lâm Đồng",280.000 VNĐ,"4,9","Khách sạn sạch sẽ, yên tĩnh, phù hợp khách du lịch và nghỉ ngơi ngắn ngày. Cách trung tâm khoảng 2 km."
10,Pine View Dalat Hotel,"Vạn Thành/Đường Hoàng Văn Thụ/23 E Cam Ly, Phường, Cam Ly - Đà Lạt, Lâm Đồng",290.000 VNĐ,"4,6","Khách sạn có không gian thoáng đãng, gần thiên nhiên, thích hợp nghỉ dưỡng. Cách trung tâm khoảng 3 km."
11,L’amour Stay Dalat,"244 Đường Tô Hiến Thành, Xuân Hương - Đà Lạt, Lâm Đồng",300.000 VNĐ,5,"Homestay/khách sạn mang phong cách lãng mạn, phù hợp cặp đôi và nhóm nhỏ. Cách trung tâm khoảng 3 km."
12,Đa Phú Hotel,"116 Da Đường đa Phú, Lang Biang - Đà Lạt, Lâm Đồng",300.000 VNĐ,"4,9","Khách sạn có phòng nghỉ tiện nghi, dịch vụ chu đáo và không gian yên tĩnh. Cách trung tâm khoảng 5 km."
13,ECOTIME Villa Homestay,"100 Đường Võ Trường Toản, Lâm Viên - Đà Lạt, Lâm Đồng",320.000 VNĐ,"4,1","Villa homestay gần gũi thiên nhiên, thích hợp gia đình và nhóm bạn. Cách trung tâm khoảng 3 km."
14,Dona Dalat Hotel,"18A Đường Thi Sách, Cam Ly - Đà Lạt, Lâm Đồng",350000 VNĐ,5,"Khách sạn nhỏ, sạch sẽ, tiện nghi, mang đến không gian nghỉ ngơi thoải mái. Cách trung tâm khoảng 2 km."
15,Vy Vy 3 Hotel,"135 Đường Bùi Thị Xuân, Xuân Hương - Đà Lạt, Lâm Đồng",350000 VNĐ,"3,9","Khách sạn bình dân với vị trí thuận tiện, phù hợp khách du lịch ngắn ngày. Cách Chợ Đà Lạt khoảng 1 km."
16,Lưu Ly Hotel,"Lô B3-13 Golf Valley, Xuân Hương - Đà Lạt, Lâm Đồng",360000 VNĐ,4,"Khách sạn phổ thông, thuận tiện nghỉ ngơi và khám phá thành phố. Cách trung tâm khoảng 800 m."
17,Dalat Friendly Fun Hostel,"F18 Đ. Mạc Đĩnh Chi, Xuân Hương - Đà Lạt, Lâm Đồng",470.000 VNĐ,"4,7","Hostel trẻ trung, không gian thân thiện, được nhiều khách quốc tế lựa chọn. Cách trung tâm khoảng 1,5 km."
18,Da Lan Hotel,"36 Đ. Nguyễn Chí Thanh, Thành phố Đà Lạt, Lâm Đồng",500.000 VNĐ,"4,6","Khách sạn tầm trung với phòng nghỉ tiện nghi, thuận tiện tham quan và mua sắm. Cách Chợ Đà Lạt khoảng 300 m."
19,Hải Uyên Hotel,"67 Nam Kỳ Khởi Nghĩa, Xuân Hương - Đà Lạt, Lâm Đồng",520.000 VNĐ,"4,5","Khách sạn gần chợ và nhiều điểm ăn uống, phù hợp khách du lịch và công tác. Cách trung tâm khoảng 200 m."
20,Redhouse Hotel,"11 Đường Lương Thế Vinh, Xuân Hương - Đà Lạt, Lâm Đồng",540.000 VNĐ,"4,5","Khách sạn hiện đại với không gian ấm cúng, phù hợp cặp đôi và gia đình. Cách trung tâm khoảng 1 km."
21,Goldient Boutique Hotel,"26 Đường Tô Hiến Thành, Xuân Hương - Đà Lạt, Lâm Đồng",550.000 VNĐ,"4,9","Boutique hotel thiết kế sang trọng, yên tĩnh, dịch vụ chất lượng. Cách trung tâm khoảng 2,5 km."
22,Dalat Boutique Hotel,"14 Đ. Huỳnh Thúc Kháng, Xuân Hương - Đà Lạt, Lâm Đồng",560.000 VNĐ,"4,6","Khách sạn boutique với không gian hiện đại, mang lại trải nghiệm lưu trú thoải mái. Cách trung tâm khoảng 1,2 km."
23,Osaka Village Dalat,"62 Đường Đống Đa, Xuân Hương - Đà Lạt, Lâm Đồng",560.000 VNĐ,"4,5","Khu lưu trú dạng villa với nhiều cây xanh, thích hợp gia đình và nhóm bạn. Cách trung tâm khoảng 2 km."
24,Nice Dream Hotel,"01 Đường Nguyễn Thị Minh Khai, Xuân Hương - Đà Lạt, Lâm Đồng",577.000 VNĐ,"4,3","Khách sạn nằm ngay khu trung tâm, thuận tiện mua sắm, ăn uống và tham quan. Cách Chợ Đà Lạt khoảng 100 m."
25,Nature Boutique Hotel,"H16 H17, Nguyễn Thị Nghĩa, Xuân Hương - Đà Lạt, Lâm Đồng",580.000 VNĐ,"4,5","Boutique hotel có thiết kế hiện đại, không gian đẹp, phù hợp nghỉ dưỡng. Cách trung tâm khoảng 800 m."
26,Canary Dalat Hotel,"82 Đường Trần Quang Khải, Lâm Viên - Đà Lạt, Lâm Đồng",590.000 VNĐ,"4,5","Khách sạn hiện đại, không gian yên tĩnh, phù hợp gia đình và cặp đôi. Cách trung tâm khoảng 2,5 km, thuận tiện di chuyển."
27,Mai Thắng Hotel,"6 Đường Hai Bà Trưng, Cam Ly - Đà Lạt, Lâm Đồng",590.000 VNĐ,"4,5","Khách sạn có mức giá hợp lý, vị trí thuận tiện để tham quan và khám phá thành phố. Cách trung tâm khoảng 1 km."
28,Empress Dalat - Sky View Hotel,"50 Phan Như Thạch, Xuân Hương - Đà Lạt, Lâm Đồng",590.000 VNĐ,"4,5","Khách sạn tiện nghi với tầm nhìn đẹp, phù hợp khách du lịch và công tác. Cách Chợ Đà Lạt khoảng 400 m."
29,Marguerite Hotel,"30-32 Đ. Nguyễn Chí Thanh, Xuân Hương - Đà Lạt, Lâm Đồng",600.000 VNĐ,"4,5","Khách sạn nằm ngay khu trung tâm, thuận tiện mua sắm, ăn uống và tham quan. Cách Chợ Đà Lạt khoảng 300 m."
30,Osaka Hotel Dalat,"62 Đường Đống Đa, Xuân Hương - Đà Lạt, Lâm Đồng",610.000 VNĐ,"4,4","Khách sạn quy mô vừa với không gian thoải mái, phù hợp gia đình và nhóm bạn. Cách trung tâm khoảng 2 km."
31,Tulip Hotel 3,"57-59 Ba Tháng Hai, Xuân Hương - Đà Lạt, Lâm Đồng",620.000 VND,"4,4","Khách sạn nằm gần khu trung tâm, thuận tiện di chuyển đến các điểm tham quan nổi tiếng. Cách Chợ Đà Lạt khoảng 400 m."
32,Lê Macaron Boutique Hotel,"52 Đường Trương Công Định, Xuân Hương - Đà Lạt, Lâm Đồng",620.000 VNĐ,"4,6","Boutique hotel thiết kế trẻ trung, không gian ấm cúng, phù hợp cặp đôi. Cách trung tâm khoảng 500 m."
33,Ladalat Hotel,"106A Đường Mai Anh Đào, Lâm Viên - Đà Lạt, Lâm Đồng",650.000 VNĐ,"4,6","Khách sạn cao cấp gần Thung lũng Tình Yêu, không gian sang trọng và tiện nghi. Cách trung tâm khoảng 5 km."
34,The Gate Boutique Hotel,"28 Đường Đặng Thái Thân, Xuân Hương - Đà Lạt, Lâm Đồng",650.000 VNĐ,"4,7","Boutique hotel hiện đại, không gian riêng tư, phù hợp nghỉ dưỡng. Cách trung tâm khoảng 2 km."
35,Sunrise Đà Lạt Hotel,"21B Khe Sanh, Xuân Hương - Đà Lạt, Lâm Đồng",650.000 VNĐ,"4,5","Khách sạn có không gian thoải mái, gần nhiều điểm tham quan nổi tiếng. Cách trung tâm khoảng 2 km."
36,Starhill Hotel Dalat,"32 Ba Tháng Hai, Xuân Hương - Đà Lạt, Lâm Đồng",650.000 VNĐ,"4,5","Khách sạn vị trí đẹp, phòng nghỉ tiện nghi, phù hợp khách du lịch và công tác. Cách Chợ Đà Lạt khoảng 500 m."
37,Dream Boutique Hotel,"01 Hoàng Hoa Thám, Xuân Hương - Đà Lạt, Lâm Đồng",680.000 VNĐ,"4,6","Boutique hotel hiện đại với không gian yên tĩnh, thích hợp nghỉ dưỡng. Cách trung tâm khoảng 2 km."
38,Dragon King 1 Hotel,"67-69 Đường Bùi Thị Xuân, St, Xuân Hương - Đà Lạt, Lâm Đồng",680.000 VNĐ,"4,4","Khách sạn gần khu trung tâm, thuận tiện mua sắm và ăn uống. Cách Chợ Đà Lạt khoảng 700 m."
39,The Luxe Hotel Dalat,"17 Ba Tháng Tư, Xuân Hương - Đà Lạt, Lâm Đồng",690.000 VNĐ,"4,2","Khách sạn mang phong cách hiện đại, phù hợp khách công tác và nghỉ dưỡng. Cách trung tâm khoảng 1 km."
40,Minh Chiến Hotel,"31 Thiện Mỹ, Xuân Hương - Đà Lạt, Lâm Đồng",690.000 VNĐ,"4,4","Khách sạn có phòng nghỉ rộng rãi, mức giá hợp lý, phù hợp gia đình. Cách trung tâm khoảng 2 km."
41,Sandals Flora Hotel,"18 Đường Nguyễn Thị Minh Khai, Xuân Hương - Đà Lạt, Lâm Đồng",690.000 VNĐ,"4,5","Khách sạn hiện đại, vị trí thuận tiện ngay khu trung tâm thành phố. Cách Chợ Đà Lạt khoảng 150 m."
42,Antaeus Hotel & Apartment,"Bên hông cổng Đà Lạt Hasfarm, Đường Nguyên Tử Lực, Lâm Viên - Đà Lạt, Lâm Đồng",700.000 VNĐ,"4,8","Khách sạn căn hộ với không gian rộng rãi, phù hợp lưu trú dài ngày. Cách trung tâm khoảng 3 km."
43,Romeo & Juliet Hotel,"VCQP+Q2W Highland Resort, Đường Hoa Phượng Tím, Xuân Hương - Đà Lạt, Lâm Đồng",700.000 VNĐ,"4,6","Khách sạn mang phong cách lãng mạn, phù hợp cặp đôi và kỳ nghỉ thư giãn. Cách trung tâm khoảng 7 km."
44,River Prince Hotel,"145 Phan Đình Phùng, Xuân Hương - Đà Lạt, Lâm Đồng",720.000 VNĐ,"4,3","Khách sạn gần trung tâm, thuận tiện tham quan, mua sắm và thưởng thức ẩm thực. Cách Chợ Đà Lạt khoảng 700 m."
45,Dragon King Hotel,"7 Đ. Hùng Vương, Xuân Hương - Đà Lạt, Lâm Đồng",720.000 VNĐ,"4,5","Khách sạn tầm trung với vị trí thuận tiện, phù hợp khách du lịch và công tác. Cách trung tâm khoảng 2 km."
46,Iris Dalat Hotel,"20 Phan Như Thạch, Xuân Hương - Đà Lạt, Lâm Đồng",730.000 VNĐ,"4,4","Khách sạn ngay khu trung tâm, dễ dàng tiếp cận chợ Đà Lạt và Hồ Xuân Hương. Cách Chợ Đà Lạt khoảng 300 m."
47,Stillus Boutique Hotel,"107 Đường Triệu Việt Vương, Xuân Hương - Đà Lạt, Lâm Đồng",760.000 VNĐ,"4,6","Boutique hotel sang trọng, không gian yên tĩnh, thích hợp nghỉ dưỡng. Cách trung tâm khoảng 2 km."
48,Pi Hostel,"61 Đ. Thủ Khoa Huân, Xuân Hương - Đà Lạt, Lâm Đồng",780.000 VNĐ,"4,5","Hostel hiện đại, sạch sẽ, phù hợp khách trẻ và khách du lịch tự túc. Cách Chợ Đà Lạt khoảng 400 m."
49,Saphir Dalat Hotel,"22-24 Phan Như Thạch, Xuân Hương - Đà Lạt, Lâm Đồng",780.000 VNĐ,"4,5","Khách sạn mang phong cách cổ điển, không gian ấm cúng, gần nhiều điểm tham quan. Cách Chợ Đà Lạt khoảng 350 m."
50,Le House Da Lat,"124 Đường Phạm Ngọc Thạch, Cam Ly - Đà Lạt, Lâm Đồng",800.000 VNĐ,"4,8","Homestay/khách sạn có thiết kế đẹp, không gian ấm cúng, phù hợp nghỉ dưỡng. Cách trung tâm khoảng 2,5 km."
51,Kings Hotel Dalat,"Số 10 Đường Bùi Thị Xuân, Xuân Hương - Đà Lạt, Lâm Đồng",820.000 VNĐ,"3,8","Khách sạn nằm gần khu trung tâm, thuận tiện mua sắm và tham quan. Cách Chợ Đà Lạt khoảng 500 m, phù hợp khách du lịch và công tác."
52,Golf Valley Hotel,"94 Đường Bùi Thị Xuân, Xuân Hương - Đà Lạt, Lâm Đồng",850.000 VNĐ,"4,5","Khách sạn hiện đại với nhiều tiện nghi, phù hợp nghỉ dưỡng và công tác. Cách Chợ Đà Lạt khoảng 600 m."
53,Vietsovpetro Hotel Đà Lạt,"7 Đ. Hùng Vương, Xuân Hương - Đà Lạt, Lâm Đồng",850.000 VNĐ,"4,4","Khách sạn quy mô lớn, phòng nghỉ rộng rãi, thích hợp khách đoàn và gia đình. Cách trung tâm khoảng 2 km."
54,Dalat Plaza Hotel,"19 Đường Lê Đại Hành, Xuân Hương - Đà Lạt, Lâm Đồng",890.000 VNĐ,"4,4","Khách sạn gần Hồ Xuân Hương, thuận tiện tham quan và mua sắm. Cách Chợ Đà Lạt khoảng 300 m."
55,New Memories Hotel Da Lat,"95 Đường An Bình, Xuân Hương - Đà Lạt, Lâm Đồng",900.000 VNĐ,"4,7","Khách sạn hiện đại, không gian ấm cúng, phù hợp cặp đôi và nhóm nhỏ. Cách trung tâm khoảng 2,5 km."
56,La Sapinette Hotel,"01 Phan Chu Trinh, Lâm Viên - Đà Lạt, Lâm Đồng",950.000 VNĐ,"4,4","Khách sạn mang kiến trúc châu Âu sang trọng, dịch vụ chuyên nghiệp. Cách trung tâm khoảng 2,5 km."
57,Bình An Village Dalat Resort,"Tuyen Lam Lake, Xuân Hương - Đà Lạt, Lâm Đồng",950.000 VNĐ,"4,6","Resort ven hồ với không gian xanh yên bình, lý tưởng cho kỳ nghỉ thư giãn. Cách trung tâm khoảng 8 km."
58,Laimeront Dalat Hotel,"64 Phan Như Thạch, Xuân Hương - Đà Lạt, Lâm Đồng",960.000 VNĐ,"4,8","Khách sạn hiện đại, được đánh giá cao về chất lượng phục vụ và tiện nghi. Cách Chợ Đà Lạt khoảng 500 m."
59,TTC Hotel Ngọc Lan,"42 Đ. Nguyễn Chí Thanh, Xuân Hương - Đà Lạt, Lâm Đồng",980.000 VNĐ,"4,3","Khách sạn lâu năm với vị trí đắc địa, thuận tiện tham quan và mua sắm. Cách Chợ Đà Lạt khoảng 150 m."
60,Sammy Dalat Hotel,"1 Lê Hồng Phong, Xuân Hương - Đà Lạt, Lâm Đồng",980.000 VNĐ,"4,3","Khách sạn tiêu chuẩn cao, nhiều tiện ích, phù hợp khách đoàn và công tác. Cách trung tâm khoảng 1 km."
61,Zen Valley Dalat Resort,"38 Khe Sanh, Xuân Hương - Đà Lạt, Lâm Đồng",980.000 VNĐ,"4,5","Resort giữa đồi thông với không gian xanh mát, thích hợp nghỉ dưỡng. Cách trung tâm khoảng 3 km."
62,Du Parc Hotel Dalat,"15 Đ. Trần Phú, Xuân Hương - Đà Lạt, Lâm Đồng",980.000 VNĐ,"4,3","Khách sạn mang kiến trúc Pháp cổ, gần nhiều địa điểm nổi tiếng của thành phố. Cách Chợ Đà Lạt khoảng 700 m."
63,Hôtel Colline,"10 Phan Bội Châu, Xuân Hương - Đà Lạt, Lâm Đồng",990.000 VNĐ,"4,6","Khách sạn cao cấp ngay trung tâm, thuận tiện mua sắm, ăn uống và tham quan. Cách Chợ Đà Lạt khoảng 100 m."
64,Dalat Wonder Resort,"Khu du lịch Hồ Tuyền Lâm, 19 Đ. Hoa Hồng, Xuân Hương - Đà Lạt, Lâm Đồng",990.000 VNĐ,"4,5","Resort ven hồ với cảnh quan thiên nhiên đẹp, thích hợp nghỉ dưỡng cùng gia đình. Cách trung tâm khoảng 8 km."
65,Ana Mandara Villas Dalat Resort & Spa,"2 Đường Lê Lai, Cam Ly - Đà Lạt, Lâm Đồng",990.000 VNĐ,"4,6","Khu nghỉ dưỡng gồm các biệt thự Pháp cổ, không gian sang trọng và yên tĩnh. Cách trung tâm khoảng 2 km."
66,Terracotta Hotel & Resort Dalat,"Phân khu chức năng 7.9 KDL hồ Tuyền Lâm, Xuân Hương - Đà Lạt, Lâm Đồng",990.000 VNĐ,"4,5","Resort quy mô lớn bên Hồ Tuyền Lâm, phù hợp nghỉ dưỡng và tổ chức sự kiện. Cách trung tâm khoảng 8 km."
67,Swiss-Belresort Dalat,"số 7 và 8, KDL Hồ Tuyền Lâm, Phường 3, Xuân Hương - Đà Lạt, Lâm Đồng",990.000 VNĐ,"4,6",Resort cao cấp với sân golf và cảnh quan thiên nhiên rộng mở. Cách trung tâm khoảng 10 km.
68,Luxury Hotel,"124 Đường Tô Hiến Thành, Xuân Hương - Đà Lạt, Lâm Đồng",1.000.000 VNĐ,"4,7","Khách sạn hiện đại với nhiều tiện nghi, phù hợp nghỉ dưỡng và công tác. Cách trung tâm khoảng 3 km."
69,LengKeng Da Lat Homestay,"57/4 Hoàng Hoa Thám, Xuân Hương - Đà Lạt, Lâm Đồng",1.000.000 VNĐ,4,"Homestay phong cách trẻ trung, không gian gần gũi, phù hợp nhóm bạn. Cách trung tâm khoảng 2 km."
70,Phong Lữ Homestay Đà Lạt,"Hẻm 4 Khe Sanh, Xuân Hương - Đà Lạt, Lâm Đồng",1.000.000 VNĐ,"4,6","Homestay ấm cúng với không gian yên tĩnh, mang lại cảm giác như ở nhà. Cách trung tâm khoảng 3 km."
71,Vũ Homestay Đà Lạt,"25/34/3, Đường Nhà Chung, Xuân Hương - Đà Lạt, Lâm Đồng",1.000.000 VNĐ,"4,9","Homestay sạch đẹp, được đánh giá cao về dịch vụ và sự thân thiện. Cách trung tâm khoảng 1 km."
72,Lost in DaLat Homestay,"LK41 KQH Thái Lâm, Xuân Hương - Đà Lạt, Lâm Đồng",1.000.000 VNĐ,5,"Homestay mang phong cách nghệ thuật, không gian riêng tư, phù hợp giới trẻ. Cách trung tâm khoảng 2 km."
73,Homestay Being Home,"hẻm kế bên quán ăn LẠ, Hẻm 2 Đ. Ngô Thì Sỹ, Xuân Hương - Đà Lạt, Lâm Đồng",1.000.000 VNĐ,"4,3","Homestay thân thiện với không gian ấm cúng, thích hợp nghỉ dưỡng cùng gia đình. Cách trung tâm khoảng 2 km."
74,Mimi Homestay Đà Lạt,"50/13 An Tôn, Cam Ly - Đà Lạt, Lâm Đồng",1.000.000 VNĐ,5,"Homestay nhỏ xinh, sạch sẽ, mang đến không gian nghỉ ngơi thoải mái. Cách trung tâm khoảng 2,5 km."
75,Sweet Home Dalat Homestay,"181 Huyền Trân Công Chúa, Xuân Hương - Đà Lạt, Lâm Đồng",1.000.000 VNĐ,"4,4","Homestay ấm cúng, phù hợp gia đình và nhóm bạn, đầy đủ tiện nghi. Cách trung tâm khoảng 3 km."
76,LaHaHa Homestay Đà Lạt,"19/3 Đường Ngô Thì Nhậm, Xuân Hương - Đà Lạt, Lâm Đồng",1.000.000 VNĐ,5,"Homestay phong cách trẻ trung, không gian đẹp và riêng tư, phù hợp cặp đôi và nhóm bạn. Cách trung tâm khoảng 2 km."
77,Alee DaLat Homestay,"84 Đường Nguyễn An Ninh, Cam Ly - Đà Lạt, Lâm Đồng",1.050.000 VNĐ,"4,8","Homestay hiện đại, sạch sẽ, được đánh giá cao về sự thân thiện và tiện nghi. Cách trung tâm khoảng 2 km."
78,Feliz Dalat Homestay,"Phan Đình Phùng, Xuân Hương - Đà Lạt, Lâm Đồng",1.050.000 VNĐ,"4,9","Homestay có thiết kế ấm áp, không gian thoải mái, thích hợp nghỉ dưỡng. Cách Chợ Đà Lạt khoảng 800 m."
79,Dalat Boutique PNP Hotel,"14 Đ. Huỳnh Thúc Kháng, Xuân Hương - Đà Lạt, Lâm Đồng",1.050.000 VNĐ,"4,5","Boutique hotel hiện đại, chú trọng trải nghiệm lưu trú và không gian nghỉ ngơi. Cách trung tâm khoảng 1,2 km."
80,Khách sạn Dalat Luxury,"156 Đường Bùi Thị Xuân, Xuân Hương - Đà Lạt, Lâm Đồng",1.100.000 VNĐ,"4,2","Khách sạn tiện nghi, phù hợp khách du lịch và công tác với vị trí thuận tiện. Cách Chợ Đà Lạt khoảng 1 km."
81,DaLat TruLy Home,"Số 5 Đường Đống Đa, Xuân Hương - Đà Lạt, Lâm Đồng",1.100.000 VNĐ,"4,7","Homestay yên tĩnh, không gian gần gũi, thích hợp gia đình và nhóm bạn. Cách trung tâm khoảng 2 km."
82,MiMo Homestay Đà Lạt,"10 Đống Đa, Xuân Hương - Đà Lạt, Lâm Đồng",1.100.000 VNĐ,"4,8","Homestay hiện đại với nhiều góc check-in đẹp, phù hợp khách trẻ. Cách trung tâm khoảng 2 km."
83,Boho Boutique Đà Lạt,"19 Đường Đinh Công Tráng, Lang Biang - Đà Lạt, Lâm Đồng",1.100.000 VNĐ,"4,9","Homestay phong cách Bohemian độc đáo, không gian nghệ thuật và ấm cúng. Cách trung tâm khoảng 3 km."
84,Hà An Homestay Đà Lạt,"204C Phan Đình Phùng, Xuân Hương - Đà Lạt, Lâm Đồng",1.100.000 VNĐ,"4,9","Homestay sạch sẽ, tiện nghi, mang đến cảm giác thoải mái như ở nhà. Cách trung tâm khoảng 1,5 km."
85,Thung Ca,"39/3 Đường Đặng Thái Thân, Xuân Hương - Đà Lạt, Lâm Đồng",1.100.000 VNĐ,"4,8","Nơi lưu trú gần gũi thiên nhiên, không gian yên bình, thích hợp nghỉ dưỡng. Cách trung tâm khoảng 2 km."
86,Nấp Đà Lạt,"54 Đ. Ngô Thì Sỹ, Xuân Hương - Đà Lạt, Lâm Đồng",1.200.000 VNĐ,"4,8","Homestay phong cách tối giản, yên tĩnh, phù hợp du khách muốn thư giãn. Cách trung tâm khoảng 2 km."
87,Đợi Nắng Về Homestay,"5 1 khởi nghĩa, bắc sơn, Xuân Hương - Đà Lạt, Lâm Đồng",1.200.000 VNĐ,"4,9","Homestay lãng mạn với nhiều góc chụp ảnh đẹp, phù hợp cặp đôi và nhóm bạn. Cách trung tâm khoảng 1,5 km."
88,Nhà Gu Homestay Đà Lạt,"37g Đường Triệu Việt Vương, Xuân Hương - Đà Lạt, Lâm Đồng",1.200.000 VNĐ,"4,9","Homestay thiết kế ấm áp, gần gũi thiên nhiên, mang lại không gian nghỉ ngơi dễ chịu. Cách trung tâm khoảng 2 km."
89,Nhà Má Tân Homestay Đà Lạt,"53 Trần Khánh Dư, Lâm Viên - Đà Lạt, Lâm Đồng",1.200.000 VNĐ,"4,9","Homestay mang phong cách gia đình, không gian yên tĩnh và thân thiện. Cách trung tâm khoảng 3 km."
90,The Orchid Villa Dalat,"120 Đường Tô Hiến Thành, Xuân Hương - Đà Lạt, Lâm Đồng",1.250.000 VNĐ,"4,7","Villa nghỉ dưỡng rộng rãi, riêng tư, phù hợp gia đình và nhóm khách. Cách trung tâm khoảng 3 km."
91,Tea Resort Prenn,"Cầu chân đèo Prenn, Hiệp Thạnh, Lâm Đồng",1.300.000 VNĐ,"4,5",Khu nghỉ dưỡng kết hợp vui chơi và thư giãn giữa thiên nhiên xanh mát. Cách trung tâm Đà Lạt khoảng 10 km.
92,Túi Mơ Homestay Đà Lạt,"60 Nguyễn Hoàng, Lang Biang - Đà Lạt, Lâm Đồng",1.300.000 VNĐ,"4,9","Homestay nổi bật với không gian thơ mộng, phù hợp khách trẻ và cặp đôi. Cách trung tâm khoảng 3 km."
93,MerPerle Dalat Hotel,"1 Đ. Hùng Vương, Xuân Hương - Đà Lạt, Lâm Đồng",1.350.000 VNĐ,"4,6",Khách sạn cao cấp với phòng nghỉ hiện đại và nhiều tiện ích. Cách trung tâm khoảng 2 km.
94,The Mist Boutique Hotel DaLat,"59 Đặng Thái Thân, Xuân Hương - Đà Lạt, Lâm Đồng",1.400.000 VNĐ,5,"Boutique hotel sang trọng, không gian riêng tư, thích hợp kỳ nghỉ thư giãn. Cách trung tâm khoảng 2 km."
95,California Hotel,"A28 Nguyễn Hữu Cảnh, Lâm Viên - Đà Lạt, Lâm Đồng",1.450.000 VNĐ,"4,9","Khách sạn hiện đại, tiện nghi, gần nhiều điểm tham quan nổi tiếng. Cách trung tâm khoảng 5 km."
96,Cereja Hotel & Resort Dalat,"Hoa Phượng Tím, Xuân Hương - Đà Lạt, Lâm Đồng",1.500.000 VNĐ,"4,5","Resort ven Hồ Tuyền Lâm với không gian xanh, yên tĩnh, thích hợp nghỉ dưỡng. Cách trung tâm khoảng 8 km."
97,Le Récit Boutique Hôtel de Dalat,"117 Đường Bùi Thị Xuân, Xuân Hương - Đà Lạt, Lâm Đồng",1.600.000 VNĐ,"4,8","Boutique hotel phong cách châu Âu, thiết kế tinh tế, dịch vụ chất lượng. Cách Chợ Đà Lạt khoảng 900 m."
98,The Seen House,"KDL HỒ TUYỀN LÂM, TỔ 18, Xuân Hương - Đà Lạt, Lâm Đồng",1.800.000 VNĐ,"4,7","Villa/homestay cao cấp ven hồ với tầm nhìn đẹp, thích hợp nghỉ dưỡng và thư giãn. Cách trung tâm khoảng 8 km."
99,Mercure Dalat Resort,"03 Nguyễn Du, Lâm Viên - Đà Lạt, Lâm Đồng",2.300.000 VNĐ,"4,7","Resort cao cấp mang kiến trúc Pháp, không gian xanh và dịch vụ tiêu chuẩn quốc tế. Cách trung tâm khoảng 2 km."
100,Dalat Palace Heritage Hotel,"2 Đ. Trần Phú, Xuân Hương - Đà Lạt, Lâm Đồng",3.600.000 VNĐ,"4,7","Khách sạn di sản nổi tiếng với kiến trúc Pháp cổ sang trọng, phù hợp nghỉ dưỡng cao cấp. Cách Chợ Đà Lạt khoảng 300 m."