STT,TÊN CỬA HÀNG,ĐỊA CHỈ,GIÁ BÁN,GIỜ ĐÓNG – MỞ,ĐÁNH GIÁ SAO,MÔ TẢ
1,Little Town - Cửa Hàng Quà Tặng Lưu Niệm,"10 Ba Tháng Hai, Xuân Hương - Đà Lạt, Lâm Đồng, Việt Nam (cách trung tâm 180m) https://maps.app.goo.gl/26CrHpwhs9FWCjNb9",80.000 - 250.000 VNĐ,08:00 – 23:00,4.9,"Handmade, móc khóa, gấu bông, postcard"
2,Labata handmade shop,"20 Đường Trương Công Định, Xuân Hương - Đà Lạt, Lâm Đồng, Việt Nam (cách trung tâm 250m) https://maps.app.goo.gl/k7uxhmYdoWMEfHFA7",100.000 – 300.000 VNĐ,08:00 – 22:30,4.9,"Handmade, túi vải, sổ tay"
3,Miue Healing Gifts Shop CS2,"16 Đường Trương Công Định, Xuân Hương - Đà Lạt, Lâm Đồng 670000, Việt Nam (cách trung tâm 220m) https://maps.app.goo.gl/nYmtMpyzeqdVT5pJ9",80.000 – 250.000 VNĐ,08:00 – 22:00,5.0,"Nến thơm, decor"
4,yayy gift studio,"Phan Bội Châu, Xuân Hương - Đà Lạt, Lâm Đồng 66122, Việt Nam (cách trung tâm 120m) https://maps.app.goo.gl/jpQQcBWCjur8dXXh6",100.000 – 300.000 VNĐ,09:30 - 20:00,5.0,"Văn phòng phẩm, decor"
5,Moss Đà Lạt,"5 Đường Nguyễn Thị Minh Khai, Xuân Hương - Đà Lạt, Lâm Đồng 670000, Việt Nam (cách trung tâm 150m) https://maps.app.goo.gl/vsHxfdvyrXfyjkPEA",80.000 – 250.000 VNĐ,07:00 – 00:00,4.5,"Phụ kiện, quà tặng"
6,Tiệm Quả Thông,"6 Nguyễn Văn Trỗi, Xuân Hương - Đà Lạt, Lâm Đồng 670000, Việt Nam (cách trung tâm 450m) https://maps.app.goo.gl/pTesWCeE4KLcKn6HA",50.000 – 180.000 VNĐ,08:00 – 23:00,4.7,"Móc khóa, postcard"
7,"Góc Của Nhỏ - cửa hàng quà tặng, lưu niệm Đà Lạt","9 Đường Trương Công Định, Xuân Hương - Đà Lạt, Lâm Đồng, Việt Nam (cách trung tâm 650m) https://maps.app.goo.gl/Hv6Cfo2UMYm3XohU8",50.000 – 180.000 VNĐ,08:00 – 22:00,5.0,"Handmade, sổ tay, phụ kiện, văn phòng phẩm, đồ chơi"
8,Second Gift Shop - Quà Tặng và Phụ Kiện Đà Lạt,"102 Nguyễn Văn Trỗi, Xuân Hương - Đà Lạt, Lâm Đồng 66000, Việt Nam (cách trung tâm 300m) https://maps.app.goo.gl/pwgDah5Kqjkicf6Z9",80.000 – 250.000 VNĐ,09:00 – 22:30,5.0,"Phụ kiện, decor"
9,Tiệm len Dolly - Đà Lạt Handmade Gifts,"110 Đ. Cổ Loa, Xuân Hương - Đà Lạt, Lâm Đồng, Việt Nam (cách trung tâm 300m) https://maps.app.goo.gl/44UafjHYkwvkrrWH7",100.000 – 300.000 VNĐ,"09:00 – 12:00, 
14:00 – 21:00",5.0,Đồ len handmade
10,Ở Đây Có Một Con Mèo,"23 Đường Trương Công Định, Xuân Hương - Đà Lạt, Lâm Đồng, Việt Nam (cách trung tâm 1.2km) https://maps.app.goo.gl/4grn6DnF1SS1ttnz8",50.000 – 200.000 VNĐ,08:00 – 22:00,4.3,"Gấu bông, phụ kiện"
11,Khu Rừng Nhỏ,"41 Ba Tháng Hai, Xuân Hương - Đà Lạt, Lâm Đồng 670000, Việt Nam (cách trung tâm 250m) https://maps.app.goo.gl/wvQqjEu8yHBSY52k7",50.000 – 200.000 VNĐ,08:00 – 22:00,4.4,"Decor, handmade"
12,Hẻm Xéo Gift Shop,"49 Đường Bùi Thị Xuân, Xuân Hương - Đà Lạt, Lâm Đồng, Việt Nam 9 (cách trung tâm 350m) https://maps.app.goo.gl/Y17PJ9fm714u8Z946",80.000 – 250.000 VNĐ,10:00 – 23:00,4.8,"Handmade, decor"
13,Langfarm Store Bờ Hồ,"02 Đ. Trần Quốc Toản, Bùng binh Thủy Tạ, Xuân Hương - Đà Lạt, Lâm Đồng, Việt Nam (cách trung tâm 350m) https://maps.app.goo.gl/nmdyAqfhmse2YmPJ7",100.000 – 400.000 VNĐ,07:00 – 22:30,4.6,Đặc sản Đà  Lạt
14,Dinos Candle - Dalat Center,"10 Phan Bội Châu, Xuân Hương - Đà Lạt, Lâm Đồng, Việt Nam (cách trung tâm 550m) https://maps.app.goo.gl/bxWoVrd3rWuYrV3r8",120.000 – 350.000 VNĐ,08:30 – 17:30,5.0,Nến thơm
15,"Nhà Có Mây - Trang sức bạc, phụ kiện, quà tặng, văn phòng phẩm","6 Nguyễn Lương Bằng, Xuân Hương - Đà Lạt, Lâm Đồng, Việt Nam (cách trung tâm 300m) https://maps.app.goo.gl/7WTMPcNufteiiaAh9",100.000  – 300.000 VNĐ,08:00 – 21:30,5.0,"Handmade, postcard"
16,Red View Gift Shop,"94A Đ. Nguyễn Chí Thanh, Xuân Hương - Đà Lạt, Lâm Đồng, Việt Nam (cách trung tâm 700m) https://maps.app.goo.gl/MhCAmHCN3nDtZzNy9",70.000 - 250.000 VNĐ,08:00 – 20:00,3.0,"Móc khóa, lưu niệm"
17,Langfarm Store Go! Đà Lạt,"Quảng trường Lâm Viên, Đ. Trần Quốc Toản, Xuân Hương - Đà Lạt, Lâm Đồng, Việt Nam (cách trung tâm 1.1km) https://maps.app.goo.gl/QWhfEACqCht8LRXZ7",100.000 – 400.000 VNĐ,07:30 – 22:00,5.0,"Trái cây sấy, trà, cà  phê, bánh"
18,Công Ty TNHH Berryland Việt Nam,"58 Lý Nam Đế, Lâm Viên - Đà Lạt, Lâm Đồng 670000, Việt Nam (cách trung tâm 3.9km) https://maps.app.goo.gl/tUrPgh5xLYi2QXoh9",80.000 – 300.000 VNĐ,08:00 – 22:00,4.5,"Dâu sấy, mứt, trà"
19,Tiệm Củi Đà Lạt - Đặc Sản Đà Lạt,"80 Đường Lý Tự Trọng, Xuân Hương - Đà Lạt, Lâm Đồng 66100, Việt Nam (cách trung tâm 1.1km) https://maps.app.goo.gl/oVtFfw927JjFwKbr9",35.000 – 100.000 VNĐ,06:00 – 23:30,5.0,"Các loại đồ sấy, mứt, nước"
20,Hồng Treo Gió Dallas - Tham quan xưởng sản xuất,"Hẻm 34 Đường Mai Anh Đào, Lâm Viên - Đà Lạt, Lâm Đồng 66000, Việt Nam (cách trung tâm 5.8km) https://maps.app.goo.gl/ZAk7nZPzYVBrBAkB9",230.000 – 320.000VNĐ,06:30 – 21:30,4.9,Hồng treo gió
21,DaLaVi - Đặc sản Đà Lạt,"27/6E Yersin, Xuân Hương - Đà Lạt, Lâm Đồng 670000, Việt Nam (cách trung tâm 2.9km) https://maps.app.goo.gl/57LcHEXLNJKJWZZt5",35.000 – 680.000 VNĐ,07:30 – 21:00,4.5,"Các loại trái cây sấy dẻo, hồng treo gió"
22,Vựa Nông Sản Trên Mây - Vựa dâu Trên Mây Đà Lạt,"Nguyễn Công Trứ, Lâm Viên - Đà Lạt, Lâm Đồng 66000, Việt Nam (cách trung tâm 3.8km) https://maps.app.goo.gl/ohf5P4m4aFmZD1926",50.000 – 350.000 VNĐ,06:00 – 19:00,4.7,"Dâu tươi, dâu sấy, hồng treo gió, các loại nông sản khác"
23,Đặc sản Ngon Lạ Đà Lạt 3/2,"14 Ba Tháng Hai, Xuân Hương - Đà Lạt, Lâm Đồng, Việt Nam (cách trung tâm 350m) https://maps.app.goo.gl/JNYt9YXfavjDZGGy8",39.000 – 100.000 VNĐ,07:30 – 22:00,4.9,Đặc sản đà lạt
24,The Bee - Candles & Essential Oils,"6/3, Hồ Xuân Hương, Lâm Viên - Đà Lạt, Lâm Đồng 66000, Việt Nam (cách trung tâm 5.2km) https://maps.app.goo.gl/yNCPV1EA4S9D9aH38",56.000 –  600.000 VNĐ,"08:00 –11:30 
13:00 –16:30",5.0,"Nến thơm, dầu thơm, xịt phòng"
25,Yaourt 71,"WCVP+G9 Xuân Hương - Đà Lạt, Lâm Đồng, Việt Nam (cách trung tâm 400m) https://maps.app.goo.gl/j8hZLcKLpS1ZXnWv9",15.000 – 160.000 VNĐ,07:30 – 22:00,4.7,Best seller yaourt phô mai
26,Tiệm Tạp Hóa Mong Manh,"86 Nguyễn Công Trứ, Lâm Viên - Đà Lạt, Lâm Đồng, Việt Nam (cách trung tâm 2.5km) https://maps.app.goo.gl/tREjErPaCCCBcYgL6",10.000 – 250.000 VNĐ,Mở cửa cả ngày,4.6,"Đặc sản Đà Lạt, nước uống"
27,Quoà - Đặc Sản Đà Lạt,"205 Nguyễn Công Trứ, Xuân Hương - Đà Lạt, Lâm Đồng 670000, Việt Nam (cách trung tâm 3.2km) https://maps.app.goo.gl/WzxFpmepR5jqZANs9",50.000 – 350.000 VNĐ,08:00 – 21:30,5.0,Đặc sản Đà Lạt
28,Vị Dalat Dốc Nhà Bò - Đặc sản Đà Lạt,"61 Đ. Đào Duy Từ, Xuân Hương - Đà Lạt, Lâm Đồng, Việt Nam (cách trung tâm 1.5km) https://maps.app.goo.gl/ax6jZFuTRGSQbpEt9",50.000 - 350.000 VNĐ,07:00 – 21:00,4.9,Đặc sản Đà Lạt
29,Hương Vị Đà Lạt - Đặc Sản Đà Lạt,"46 Đường Lý Tự Trọng, Xuân Hương - Đà Lạt, Lâm Đồng, Việt Nam (cách trung tâm 850m) https://maps.app.goo.gl/uQ8zvXrwwTBNKxm79",30.000 – 300.000 VNĐ,07:30 – 22:00,4.7,Đặc Sản Đà Lạt
30,"LATA'S Đặc Sản Đà Lạt - CN Chợ Đêm Đà Lạt,","5 Đường Nguyễn Thị Minh Khai, Xuân Hương - Đà Lạt, Lâm Đồng 670000, Việt Nam (cách trung tâm 190m) https://maps.app.goo.gl/1bvLvcy9d5mciVrF7",35.000 –  350.000 VNĐ,07:00 – 00:00,4.1,Các loại đồ khô và trái cây sấy
31,Hầm Rượu Vang Vĩnh Tiến,"Vạn Thành, Cam Ly - Đà Lạt, Lâm Đồng 670000, Việt Nam https://maps.app.goo.gl/QHxuTgbQBu2uc8bF6",100.000 - 500.000 VNĐ,08:00 - 17:00,4.6,"Rượu vang, trà mức"
32,Chợ đà lạt (Khu đặc sản),"chợ Đà Lạt, 24 Đường Nguyễn Thị Minh Khai, Xuân Hương - Đà Lạt, Lâm Đồng 02633, Việt Nam https://maps.app.goo.gl/e43E2eT8ygC1DsJNA",50.000 - 500.000 VNĐ,06:00 - 22:00,4.5,"Trái cây sấy, mứt, trà, cà phê"
33,Cơ Sở Mứt Đặc Sản Đà Lạt Kiều Giang,"223 Đường Mai Anh Đào, Lâm Viên - Đà Lạt, Lâm Đồng 670000, Việt Nam https://maps.app.goo.gl/Bz2nN8DxJ7EJmfo47",80.000 - 350.000 VNĐ,Mở cửa 24/24,4,"Mứt truyền thống,trái cây sấy, đặc sản Đà Lạt"
34,Vị Dalat Khe Sanh - Đặc sản Đà Lạt,"30 Trần Hưng Đạo, Xuân Hương - Đà Lạt, Lâm Đồng 66000, Việt Nam https://maps.app.goo.gl/qt23WCnYRUHPe5En9",180.000 - 350.000 VNĐ,08:00–22:00,4.9,"Chi nhánh mới mình thấy rộng rãi , thoáng có bãi đỗ oto , nhiều mặt hàng hơn , giá cả bình ổn thậm chí là rẻ hơn so với mặt bằng chung của dalat , chất lượng thì quá là oke luôn"
35,TT Mua Sắm Đặc Sản Hương Đà Đà Lạt,"1 Đ. Lê Thị Hồng Gấm, Xuân Hương - Đà Lạt, Lâm Đồng, Việt Nam https://maps.app.goo.gl/1MdBH3oCx7yPfxS47",40.000 - 500.000 VNĐ,07:00–23:00,4.7,"Nhiều mặt hàng đồ khô, sấy , mứt có nhiều lựa chọn"
36,Đặc Sản Bích Sơn Đà Lạt,"10 Phan Bội Châu, Xuân Hương - Đà Lạt, Lâm Đồng 67000, Việt Nam https://maps.app.goo.gl/i4pVDF8PMXaiZYCE6",75.000 - 150.000 VNĐ,06:30–22:30,4.5,Các loại đồ khô và trái cây sấy
37,Đặc sản Hany Đà Lạt 10 Bùi Thị Xuân,"10 Đường Bùi Thị Xuân, Xuân Hương - Đà Lạt, Lâm Đồng 66000, Việt Nam https://maps.app.goo.gl/wBmnwYUcn5A2KagN7",30.000 - 480.000 VNĐ,07:30–22:30,4.6,"Hany bạn bán hàng tư vấn nhiệt tình, thân thiện, khá đầy đủ các sản phẩm đem về làm quà tặng đi Đà Lạt"
38,Đặc sản Ngân Anh,"56 Đường Bùi Thị Xuân, Xuân Hương - Đà Lạt, Lâm Đồng, Việt Nam https://maps.app.goo.gl/H49XJ7S6WiNymEjQ7",30.000 - 150.000 VNĐ,Mở cả ngày,5.0,"Chuyên các món ăn vặt, nông sản sấy khô chuẩn vị Đà Lạt."
39,Đặc sản Đà Lạt Dung Lễ,"82/2 Nguyễn Thị Nghĩa, Xuân Hương - Đà Lạt, Lâm Đồng, Việt Nam https://maps.app.goo.gl/3c5AD8JW5rMicF1bA",35.000 - 360.000 VNĐ,07:00–21:00,5.0,Cửa hàng cung cấp đa dạng các thức quà đặc trưng của phố núi rất thích hợp để mua làm quà
40,Langfarm Buffet Bùng Binh Nước,"2 Đường Nguyễn Thị Minh Khai, Xuân Hương - Đà Lạt, Lâm Đồng 67000, Việt Nam https://maps.app.goo.gl/1wzKLhttbHKEDoFFA",60.000 - 1.000.000 VNĐ,07:30–22:30,4.8,"Cửa hàng nhìn sáng, bắt mắt, nhân viên tận tình, có hỏi thăm nhu cầu khách trước khi giới thiệu. Nhiều sản phẩm đa dạng, nhiều sự lựa chọn để mua về làm qua."