STT,LOẠI PHƯƠNG TIỆN,GIÁ THAM KHẢO,GIẤY TỜ CẦN CÓ,MỘT SỐ ĐƠN VỊ DUNG CẤP UY TÍN
1,🛵 Xe máy,100.000 – 180.000 VNĐ/ngày,CCCD/CMND hoặc hộ chiếu; Giấy phép lái xe hạng A/A1 còn hiệu lực; tiền đặt cọc theo quy định của đơn vị cho thuê.,"QT Motorbike Rental: 
SĐT: 0975278711
Địa chỉ: Lâm Đồng, Hà Giang 1, Tuyên Quang, Việt Nam https://maps.app.goo.gl/eZhSSnM9uh1xVBwg6
Lavender Motorbike Rental
SĐT: 0904945678
Địa chỉ: 14 Nam Kỳ Khởi Nghĩa, Xuân Hương - Đà Lạt https://maps.app.goo.gl/PAubuo5AqSUV8fux9
Hoàng Oanh Motorbike Rental
SĐT:0918821689
Địa chỉ: 5/28 Lý Nam Đế, Lâm Viên - Đà Lạt https://maps.app.goo.gl/xpWt6TuH9z57a9QB6
HIHE – Thuê Xe Máy Đà Lạt
SĐT: 0356542196
Địa chỉ: 12A Đường Triệu Việt Vương, Xuân Hương - Đà Lạt https://maps.app.goo.gl/xkHGsa261owiNEL37
Thuê xe Mr.Nguyên
SĐT:0909020903
Địa chỉ: 44 Lê Văn Tám, Xuân Hương - Đà Lạt https://maps.app.goo.gl/MScaZNWnvpPVh5q3A
Thuê xe Hoàng Thiện
SĐT:0918825688
Địa chỉ: 149 Nguyễn Công Trứ, Xuân Hương - Đà Lạt https://maps.app.goo.gl/8zxsTc4h4hGoSvsj6
Anh Duy Đà Lạt
SĐT:0799992949
Địa chỉ: 74 Đoàn Thị Điểm, Xuân Hương - Đà Lạt https://maps.app.goo.gl/rK5YcCQrzECdvYx88
Thuê xe máy Khắc Huy 
SĐT:0963909027
Địa chỉ: 75c Đường Cao Bá Quát, Lang Biang - Đà Lạt https://maps.app.goo.gl/iQYCjWS2XUQamJpv5
Thuê xe máy Pi Nguyễn
SĐT:0336476009
Địa chỉ: 9 Đường Tô Hiến Thành, Xuân Hương - Đà Lạt https://maps.app.goo.gl/4dYMD8a4TsKVNwfv5
Thuê xe máy Bin
SĐT:0973960504
Địa chỉ: 42/6 Đường Hà Huy Tập, Xuân Hương - Đà Lạt https://maps.app.goo.gl/Q4qrMhTr9v2K7eYG7
Lam’Bike Đà Lạt
SĐT:0984463246
Địa chỉ: 45 Đường Hà Huy Tập, Xuân Hương - Đà Lạt https://maps.app.goo.gl/qbpA1Vojpyy9MV7i6
Ngoài ra, nhiều khách sạn, homestay và hostel tại Đà Lạt cũng cung cấp dịch vụ thuê xe máy hoặc hỗ trợ đặt thuê cho khách lưu trú."
2,🚕 Taxi,15.000 – 20.000 VNĐ/km,Không yêu cầu giấy tờ khi sử dụng dịch vụ.,"Lado taxi
Địa chỉ : 222 Đường Mai Anh Đào, Lâm Viên - Đà Lạt https://maps.app.goo.gl/5gANoY7AkCjEaxhz9
Sdt : 0263 3666 777
Taxi tour Đà Lạt
Địa chỉ : 170 Tự Phước, Xuân Trường - Đà Lạt https://maps.app.goo.gl/qmoQANF5L7XSm7Ai9
Sdt : 0944 772 721
Taxi Đà Lạt
Địa chỉ : 30 Đường Mai Anh Đào, Lâm Viên - Đà Lạt https://maps.app.goo.gl/wnHfzMVxfH3wSmPk6
Sdt : 0263 3666 888
Ngoài ra, du khách có thể đặt xe thông qua ứng dụng di động, tổng đài hoặc nhờ khách sạn, homestay hỗ trợ gọi taxi."
3,🚗 Ô tô tự lái,700.000 – 1.500.000 VNĐ/ngày,CCCD/CMND hoặc hộ chiếu; Giấy phép lái xe ô tô hạng B còn hiệu lực; tiền đặt cọc hoặc tài sản bảo đảm theo quy định của đơn vị cung cấp.,"Vinh travel 
Địa chỉ : Bồng Lai, Hiệp Thạnh, Lâm Đồng https://maps.app.goo.gl/a3kskUSyHGkgTriz6
Sdt : 0969 131 141
Thuê xe tự lái Minh Đức mobility 
Địa chỉ : 95 Hồ Xuân Hương, Lâm Viên - Đà Lạt https://maps.app.goo.gl/cxVoEJnvLK7TwCXS6
Sdt : 0866 666 788
Amazing xanh đà lạt
Địa chỉ : LK26 Khu D, Khu VHTT, Cam Ly - Đà Lạt https://maps.app.goo.gl/czEixYLnJz2cT4AL6
Sdt : 0942 271 196
Nhà xe sao vàng đà lạt
Địa chỉ : 10 Đống Đa, Xuân Hương - Đà Lạt https://maps.app.goo.gl/tS91R3qyx6LFYS8KA
Sdt : 0816 020 929
Cho Thuê Xe Ô Tô Tự Lái Đà Lạt - Thiên An
Địa chỉ : 216 xô viết, Lang Biang - Đà Lạt https://maps.app.goo.gl/PK5su6EeNSnXrhYA7
Sdt : 0818 737 777
Phong Vân tourist
Địa chỉ : 37/23 Đ. Ngô Thì Sỹ, Xuân Hương - Đà Lạt https://maps.app.goo.gl/mDA7Hx4gBJSYduhb8
Sdt : 0263 3901 234
Vea Go
Địa chỉ : 66 Nguyễn Trãi, Lâm Viên - Đà Lạt https://maps.app.goo.gl/Xdpk76kBkLLZtwnq8
Sdt : 0335 747 767
Minh Phương
Địa chỉ : 14 Nguyễn Thiện Thuật, Lang Biang - Đà Lạt https://maps.app.goo.gl/rQxFw668qmvZvEdG9
Sdt : 0909 609 010
NVy Car
Địa chỉ : 16 Đường Bùi Thị Xuân, Xuân Hương - Đà Lạt
Sdt : 0975 637 672
Xe sân bay Liên Khương 4 chỗ - 7 chỗ - 16 chỗ
Địa chỉ : 57 Phù Đổng Thiên Vương, Đức Trọng, Lâm Đồng https://maps.app.goo.gl/VeXJEjrEik4Xwbj77
Sdt : 0888 513 517
Sigo Việt Nam
Địa chỉ : 60/8 Đường Nguyễn Trung Trực, Xuân Hương - Đà Lạt https://maps.app.goo.gl/nvrCt9NxUfNbdkCu9
Sdt : 0938 165 616"